Número de trade;Instrumento;Cuenta;Estrategia;Mercado pos.;Cant.;Precio de entrada;Precio de salida;Tiempo de entrada;Tiempo de salida;Nombre de entrada;Nombre de salida;Ganancias;Con ganancia neto;Comisión;MAE;MFE;ETD;Barras;
1;MNQ 12-25;Sim101;MonarcaBandCubierta;Long;1;25274,00;25303,75;01/12/2025 8:31:48;01/12/2025 9:08:32;Entry;Stop1;58,28 $;58,28 $;1,22 $;23,50 $;80,00 $;21,72 $;0;
2;MNQ 12-25;Sim101;MonarcaBandCubierta;Long;1;25313,00;25299,50;01/12/2025 12:16:29;01/12/2025 12:18:42;Entry;Exit;-28,22 $;30,06 $;1,22 $;63,00 $;1,00 $;29,22 $;0;
3;MNQ 12-25;Sim101;MonarcaBandCubierta;Long;1;25302,25;25306,75;01/12/2025 12:18:01;01/12/2025 12:24:08;Entry;Exit;7,78 $;37,84 $;1,22 $;41,50 $;11,00 $;3,22 $;0;
4;MNQ 12-25;Sim101;MonarcaBandCubierta;Long;1;25300,25;25281,75;01/12/2025 12:18:39;01/12/2025 12:43:20;Entry;Stop1;-38,22 $;-0,38 $;1,22 $;37,00 $;13,50 $;51,72 $;0;
5;MNQ 12-25;PAAPEX4193400000001;;Short;1;25296,25;25276,25;01/12/2025 12:34:24;01/12/2025 13:10:14;;;38,96 $;38,58 $;1,04 $;40,00 $;40,50 $;1,54 $;0;
6;MNQ 12-25;PAAPEX4193400000001;;Short;1;25296,25;25276,00;01/12/2025 12:34:24;01/12/2025 13:10:22;;;39,46 $;78,04 $;1,04 $;40,00 $;40,50 $;1,04 $;0;
7;MNQ 12-25;PAAPEX4193400000001;;Short;1;25275,00;25276,00;01/12/2025 13:10:09;01/12/2025 13:10:22;;;-3,04 $;75,00 $;1,04 $;2,00 $;2,00 $;5,04 $;0;
8;MNQ 12-25;PAAPEX4193400000001;;Long;2;25310,00;25279,25;01/12/2025 15:37:53;01/12/2025 15:39:13;;;-125,08 $;-50,08 $;2,08 $;123,00 $;123,00 $;248,08 $;0;
9;MNQ 12-25;PAAPEX4193400000001;;Long;1;25287,75;25244,25;01/12/2025 15:39:30;01/12/2025 15:41:09;;;-88,04 $;-138,12 $;1,04 $;87,00 $;87,00 $;175,04 $;0;
10;MNQ 12-25;PAAPEX4193400000001;;Long;1;25283,50;25244,25;01/12/2025 15:40:08;01/12/2025 15:41:09;;;-79,54 $;-217,66 $;1,04 $;78,50 $;78,50 $;158,04 $;0;
11;MNQ 12-25;PAAPEX4193400000001;;Long;1;25263,00;25244,25;01/12/2025 15:41:03;01/12/2025 15:41:09;;;-38,54 $;-256,20 $;1,04 $;37,50 $;37,50 $;76,04 $;0;
12;MNQ 12-25;Sim101;MonarcaBandCubierta;Long;1;25325,75;25309,50;01/12/2025 16:25:59;01/12/2025 16:31:04;Entry;Stop1;-33,72 $;-289,92 $;1,22 $;42,00 $;40,00 $;73,72 $;0;
13;MNQ 12-25;Sim101;MonarcaBandCubierta;Long;1;25315,75;25309,50;01/12/2025 16:30:17;01/12/2025 16:31:04;Entry;Stop1;-13,72 $;-303,64 $;1,22 $;22,00 $;22,00 $;35,72 $;0;
14;MNQ 12-25;Sim101;MonarcaBandCubierta;Long;1;25315,25;25309,50;01/12/2025 16:30:59;01/12/2025 16:31:04;Entry;Stop1;-12,72 $;-316,36 $;1,22 $;15,00 $;1,50 $;14,22 $;0;
15;MNQ 12-25;Sim101;MonarcaBandCubierta;Short;1;25314,75;25269,25;01/12/2025 16:33:30;01/12/2025 16:35:17;Entry;Target1;89,78 $;-226,58 $;1,22 $;12,50 $;91,50 $;1,72 $;0;
16;MNQ 12-25;Sim101;MonarcaBandCubierta;Short;1;25314,50;25269,25;01/12/2025 16:33:30;01/12/2025 16:35:17;Entry;Target1;89,28 $;-137,30 $;1,22 $;13,00 $;91,00 $;1,72 $;0;
17;MNQ 12-25;Sim101;MonarcaBandCubierta;Short;1;25315,00;25332,25;01/12/2025 16:36:28;01/12/2025 16:39:07;Entry;Stop1;-35,72 $;-173,02 $;1,22 $;36,50 $;24,50 $;60,22 $;0;
18;MNQ 12-25;Sim101;MonarcaBandCubierta;Short;1;25330,75;25332,25;01/12/2025 16:36:38;01/12/2025 16:39:07;Entry;Stop1;-4,22 $;-177,24 $;1,22 $;5,00 $;56,00 $;60,22 $;0;
19;MNQ 12-25;Sim101;MonarcaBandCubierta;Short;1;25323,75;25332,25;01/12/2025 16:38:53;01/12/2025 16:39:07;Entry;Stop1;-18,22 $;-195,46 $;1,22 $;18,00 $;2,00 $;20,22 $;0;
20;MNQ 12-25;Sim101;MonarcaBandCubierta;Short;1;25326,75;25332,25;01/12/2025 16:39:00;01/12/2025 16:39:07;Entry;Stop1;-12,22 $;-207,68 $;1,22 $;12,00 $;8,00 $;20,22 $;0;
21;MNQ 12-25;Sim101;MonarcaBandCubierta;Short;1;25334,75;25359,75;01/12/2025 16:39:15;01/12/2025 16:40:21;Entry;Stop1;-51,22 $;-258,90 $;1,22 $;50,00 $;5,50 $;56,72 $;0;
22;MNQ 12-25;Sim101;MonarcaBandCubierta;Short;1;25336,75;25336,00;01/12/2025 16:41:16;01/12/2025 16:43:04;Entry;Exit;0,28 $;-258,62 $;1,22 $;23,00 $;41,00 $;40,72 $;0;
23;MNQ 12-25;Sim101;MonarcaBandCubierta;Short;1;25328,50;25336,25;01/12/2025 16:41:27;01/12/2025 16:43:05;Entry;Exit;-16,72 $;-275,34 $;1,22 $;39,50 $;24,50 $;41,22 $;0;
24;MNQ 12-25;Sim101;MonarcaBandCubierta;Short;1;25337,00;25334,25;01/12/2025 16:41:44;01/12/2025 16:43:07;Entry;Exit;4,28 $;-271,06 $;1,22 $;22,50 $;41,50 $;37,22 $;0;
25;MNQ 12-25;Sim101;MonarcaBandCubierta;Short;1;25335,25;25332,50;01/12/2025 16:41:46;01/12/2025 16:43:08;Entry;Exit;4,28 $;-266,78 $;1,22 $;20,50 $;22,00 $;17,72 $;0;
26;MNQ 12-25;Sim101;MonarcaBandCubierta;Short;1;25336,75;25346,00;01/12/2025 16:41:49;01/12/2025 16:49:37;Entry;Stop1;-19,72 $;-286,50 $;1,22 $;18,50 $;25,00 $;44,72 $;0;
27;MNQ 12-25;Sim101;MonarcaBandCubierta;Short;1;25338,50;25346,00;01/12/2025 16:43:01;01/12/2025 16:49:37;Entry;Stop1;-16,22 $;-302,72 $;1,22 $;15,00 $;8,00 $;24,22 $;0;
28;MNQ 12-25;PAAPEX4193400000001;;Long;1;25358,50;25344,25;01/12/2025 17:08:40;01/12/2025 17:12:03;;;-29,54 $;-332,26 $;1,04 $;28,50 $;28,50 $;58,04 $;0;
29;MNQ 12-25;PAAPEX4193400000001;;Long;1;25368,50;25344,25;01/12/2025 17:10:54;01/12/2025 17:12:03;;;-49,54 $;-381,80 $;1,04 $;48,50 $;48,50 $;98,04 $;0;
30;MNQ 12-25;PAAPEX4193400000001;;Long;1;25352,75;25344,25;01/12/2025 17:11:25;01/12/2025 17:12:03;;;-18,04 $;-399,84 $;1,04 $;17,00 $;17,00 $;35,04 $;0;
31;MNQ 12-25;PAAPEX4193400000001;;Long;1;25446,25;25460,00;01/12/2025 18:02:07;01/12/2025 18:06:30;;;26,46 $;-373,38 $;1,04 $;27,50 $;27,50 $;1,04 $;0;
32;MNQ 12-25;PAAPEX4193400000001;;Long;1;25438,25;25456,75;01/12/2025 18:02:21;01/12/2025 18:08:02;;;35,96 $;-337,42 $;1,04 $;37,00 $;37,00 $;1,04 $;0;
33;MNQ 12-25;PAAPEX4193400000001;;Long;1;25435,50;25445,00;01/12/2025 18:02:32;01/12/2025 18:14:29;;;17,96 $;-319,46 $;1,04 $;19,00 $;19,00 $;1,04 $;0;
34;MNQ 12-25;PAAPEX4193400000001;;Long;1;25439,75;25449,25;01/12/2025 18:20:01;01/12/2025 18:26:56;;;17,96 $;-301,50 $;1,04 $;6,00 $;19,00 $;1,04 $;0;
35;MNQ 12-25;PAAPEX4193400000001;;Long;1;25439,75;25442,75;01/12/2025 18:20:01;01/12/2025 18:30:50;;;4,96 $;-296,54 $;1,04 $;6,00 $;19,00 $;14,04 $;0;
36;MNQ 12-25;PAAPEX4193400000001;;Long;1;25404,75;25390,25;01/12/2025 20:25:43;01/12/2025 20:30:22;;;-30,04 $;-326,58 $;1,04 $;29,00 $;29,00 $;59,04 $;0;
37;MNQ 12-25;PAAPEX4193400000001;;Long;1;25399,50;25377,25;01/12/2025 20:26:03;01/12/2025 20:32:00;;;-45,54 $;-372,12 $;1,04 $;44,50 $;44,50 $;90,04 $;0;
38;MNQ 12-25;PAAPEX4193400000001;;Long;1;25397,75;25377,25;01/12/2025 20:29:12;01/12/2025 20:32:00;;;-42,04 $;-414,16 $;1,04 $;41,00 $;41,00 $;83,04 $;0;
39;MNQ 12-25;PAAPEX4193400000001;;Long;1;25396,25;25377,25;01/12/2025 20:29:31;01/12/2025 20:32:00;;;-39,04 $;-453,20 $;1,04 $;38,00 $;38,00 $;77,04 $;0;
40;MNQ 12-25;PAAPEX4193400000001;;Long;1;25414,50;25417,50;01/12/2025 21:39:05;01/12/2025 21:44:40;;;4,96 $;-448,24 $;1,04 $;6,00 $;6,00 $;1,04 $;0;
41;MNQ 12-25;PAAPEX4193400000001;;Long;1;25405,50;25408,00;01/12/2025 21:40:59;01/12/2025 21:48:50;;;3,96 $;-444,28 $;1,04 $;5,00 $;5,00 $;1,04 $;0;
42;MNQ 12-25;PAAPEX4193400000001;;Long;1;25401,25;25415,50;01/12/2025 21:46:44;01/12/2025 21:50:10;;;27,46 $;-416,82 $;1,04 $;28,50 $;28,50 $;1,04 $;0;
43;MNQ 12-25;PAAPEX4193400000001;;Short;1;25355,25;25357,25;02/12/2025 8:54:09;02/12/2025 8:55:19;;;-5,04 $;-421,86 $;1,04 $;4,00 $;4,00 $;9,04 $;0;
44;MNQ 12-25;PAAPEX4193400000001;;Short;1;25356,50;25351,25;02/12/2025 8:55:21;02/12/2025 9:13:59;;;9,46 $;-412,40 $;1,04 $;10,50 $;10,50 $;1,04 $;0;
45;MNQ 12-25;PAAPEX4193400000001;;Short;2;25352,75;25353,25;02/12/2025 9:14:57;02/12/2025 9:25:46;;;-4,08 $;-416,48 $;2,08 $;2,00 $;2,00 $;6,08 $;0;
46;MNQ 12-25;PAAPEX4193400000001;;Short;2;25355,50;25371,00;02/12/2025 9:15:35;02/12/2025 9:34:13;;;-64,08 $;-480,56 $;2,08 $;62,00 $;62,00 $;126,08 $;0;
47;MNQ 12-25;PAAPEX4193400000001;;Short;2;25362,00;25376,75;02/12/2025 9:24:46;02/12/2025 9:40:03;;;-61,08 $;-541,64 $;2,08 $;59,00 $;59,00 $;120,08 $;0;
48;MNQ 12-25;PAAPEX4193400000001;;Short;2;25363,00;25376,75;02/12/2025 9:24:52;02/12/2025 9:40:03;;;-57,08 $;-598,72 $;2,08 $;55,00 $;55,00 $;112,08 $;0;
49;MNQ 12-25;PAAPEX4193400000001;;Short;3;25379,75;25401,75;02/12/2025 9:44:15;02/12/2025 9:46:15;;;-135,12 $;-733,84 $;3,12 $;132,00 $;132,00 $;267,12 $;0;
50;MNQ 12-25;PAAPEX4193400000001;;Short;1;25411,00;25418,25;02/12/2025 9:48:00;02/12/2025 9:48:27;;;-15,54 $;-749,38 $;1,04 $;14,50 $;14,50 $;30,04 $;0;
51;MNQ 12-25;PAAPEX4193400000001;;Short;1;25412,25;25427,75;02/12/2025 9:49:35;02/12/2025 10:00:40;;;-32,04 $;-781,42 $;1,04 $;31,00 $;31,00 $;63,04 $;0;
52;MNQ 12-25;PAAPEX4193400000001;;Short;1;25409,50;25427,75;02/12/2025 9:49:53;02/12/2025 10:00:40;;;-37,54 $;-818,96 $;1,04 $;36,50 $;36,50 $;74,04 $;0;
53;MNQ 12-25;PAAPEX4193400000001;;Short;1;25491,75;25487,50;02/12/2025 12:11:12;02/12/2025 12:28:22;;;7,46 $;-811,50 $;1,04 $;8,50 $;8,50 $;1,04 $;0;
54;MNQ 12-25;PAAPEX4193400000001;;Short;1;25493,50;25505,25;02/12/2025 12:18:49;02/12/2025 12:29:31;;;-24,54 $;-836,04 $;1,04 $;23,50 $;23,50 $;48,04 $;0;
55;MNQ 12-25;PAAPEX4193400000001;;Short;1;25493,50;25505,25;02/12/2025 12:18:49;02/12/2025 12:29:31;;;-24,54 $;-860,58 $;1,04 $;23,50 $;23,50 $;48,04 $;0;
56;MNQ 12-25;PAAPEX4193400000001;;Short;1;25494,00;25466,50;02/12/2025 12:40:34;02/12/2025 13:11:23;;;53,96 $;-806,62 $;1,04 $;55,00 $;55,00 $;1,04 $;0;
57;MNQ 12-25;Sim101;MonarcaBandCubierta;Short;1;25481,00;25506,00;02/12/2025 15:30:43;02/12/2025 15:32:25;Entry;Stop1;-51,22 $;-857,84 $;1,22 $;50,50 $;19,50 $;70,72 $;0;
58;MNQ 12-25;PAAPEX4193400000001;;Short;1;25618,00;25638,00;02/12/2025 16:22:06;02/12/2025 16:24:23;;;-41,04 $;-898,88 $;1,04 $;40,00 $;40,00 $;81,04 $;0;
59;MNQ 12-25;PAAPEX4193400000001;;Short;1;25622,00;25643,75;02/12/2025 16:22:53;02/12/2025 16:25:06;;;-44,54 $;-943,42 $;1,04 $;43,50 $;43,50 $;88,04 $;0;
60;MNQ 12-25;PAAPEX4193400000001;;Short;1;25634,25;25643,75;02/12/2025 16:23:41;02/12/2025 16:25:06;;;-20,04 $;-963,46 $;1,04 $;19,00 $;19,00 $;39,04 $;0;
61;MNQ 12-25;PAAPEX4193400000001;;Short;1;25637,25;25643,75;02/12/2025 16:24:20;02/12/2025 16:25:06;;;-14,04 $;-977,50 $;1,04 $;13,00 $;13,00 $;27,04 $;0;
62;MNQ 12-25;PAAPEX4193400000001;;Short;1;25626,25;25559,75;02/12/2025 16:26:48;02/12/2025 16:30:17;;;131,96 $;-845,54 $;1,04 $;133,00 $;133,00 $;1,04 $;0;
63;MNQ 12-25;PAAPEX4193400000001;;Short;1;25613,00;25571,75;02/12/2025 16:27:56;02/12/2025 16:31:37;;;81,46 $;-764,08 $;1,04 $;82,50 $;82,50 $;1,04 $;0;
64;MNQ 12-25;PAAPEX4193400000001;;Short;1;25552,00;25578,75;02/12/2025 16:33:26;02/12/2025 16:40:21;;;-54,54 $;-818,62 $;1,04 $;53,50 $;53,50 $;108,04 $;0;
65;MNQ 12-25;PAAPEX4193400000001;;Short;1;25568,50;25595,25;02/12/2025 16:37:52;02/12/2025 16:41:19;;;-54,54 $;-873,16 $;1,04 $;53,50 $;53,50 $;108,04 $;0;
66;MNQ 12-25;PAAPEX4193400000001;;Short;1;25575,50;25611,25;02/12/2025 16:40:18;02/12/2025 16:42:00;;;-72,54 $;-945,70 $;1,04 $;71,50 $;71,50 $;144,04 $;0;
67;MNQ 12-25;PAAPEX4193400000001;;Short;1;25585,50;25611,25;02/12/2025 16:40:44;02/12/2025 16:42:00;;;-52,54 $;-998,24 $;1,04 $;51,50 $;51,50 $;104,04 $;0;
68;MNQ 12-25;PAAPEX4193400000001;;Short;1;25610,75;25621,25;02/12/2025 16:42:33;02/12/2025 16:43:10;;;-22,04 $;-1020,28 $;1,04 $;21,00 $;21,00 $;43,04 $;0;
69;MNQ 12-25;PAAPEX4193400000001;;Long;1;25572,50;25598,25;02/12/2025 18:18:25;02/12/2025 18:19:52;;;50,46 $;-969,82 $;1,04 $;51,50 $;51,50 $;1,04 $;0;
70;MNQ 12-25;PAAPEX4193400000001;;Short;1;25548,75;25564,50;02/12/2025 19:10:56;02/12/2025 19:19:54;;;-32,54 $;-1002,36 $;1,04 $;31,50 $;31,50 $;64,04 $;0;
71;MNQ 12-25;PAAPEX4193400000001;;Short;1;25554,75;25563,25;02/12/2025 19:27:12;02/12/2025 19:28:57;;;-18,04 $;-1020,40 $;1,04 $;17,00 $;17,00 $;35,04 $;0;
72;MNQ 12-25;PAAPEX4193400000001;;Long;1;25618,25;25622,00;03/12/2025 0:18:27;03/12/2025 0:23:04;;;6,46 $;-1013,94 $;1,04 $;7,50 $;7,50 $;1,04 $;0;
73;MNQ 12-25;PAAPEX4193400000001;;Short;2;25652,00;25627,00;03/12/2025 9:12:36;03/12/2025 9:24:00;;;97,92 $;-916,02 $;2,08 $;100,00 $;100,00 $;2,08 $;0;
74;MNQ 12-25;PAAPEX4193400000001;;Short;1;25658,25;25632,00;03/12/2025 10:00:20;03/12/2025 10:08:23;;;51,46 $;-864,56 $;1,04 $;52,50 $;52,50 $;1,04 $;0;
75;MNQ 12-25;PAAPEX4193400000001;;Short;1;25627,00;25619,50;03/12/2025 10:09:02;03/12/2025 10:25:59;;;13,96 $;-850,60 $;1,04 $;15,00 $;15,00 $;1,04 $;0;
76;MNQ 12-25;PAAPEX4193400000001;;Short;1;25630,25;25620,00;03/12/2025 10:11:34;03/12/2025 10:32:04;;;19,46 $;-831,14 $;1,04 $;20,50 $;20,50 $;1,04 $;0;
77;MNQ 12-25;PAAPEX4193400000001;;Short;1;25627,00;25637,75;03/12/2025 10:37:43;03/12/2025 11:04:45;;;-22,54 $;-853,68 $;1,04 $;21,50 $;21,50 $;44,04 $;0;
78;MNQ 12-25;PAAPEX4193400000001;;Short;1;25634,75;25643,00;03/12/2025 10:39:17;03/12/2025 11:05:57;;;-17,54 $;-871,22 $;1,04 $;16,50 $;16,50 $;34,04 $;0;
79;MNQ 12-25;PAAPEX4193400000001;;Short;1;25637,25;25643,00;03/12/2025 10:56:56;03/12/2025 11:05:57;;;-12,54 $;-883,76 $;1,04 $;11,50 $;11,50 $;24,04 $;0;
80;MNQ 12-25;PAAPEX4193400000001;;Short;1;25639,00;25643,00;03/12/2025 10:59:20;03/12/2025 11:05:57;;;-9,04 $;-892,80 $;1,04 $;8,00 $;8,00 $;17,04 $;0;
81;MNQ 12-25;PAAPEX4193400000001;;Short;1;25639,50;25643,00;03/12/2025 11:01:08;03/12/2025 11:05:57;;;-8,04 $;-900,84 $;1,04 $;7,00 $;7,00 $;15,04 $;0;
82;MNQ 12-25;PAAPEX4193400000001;;Short;1;25614,25;25622,25;03/12/2025 12:07:57;03/12/2025 12:13:16;;;-17,04 $;-917,88 $;1,04 $;16,00 $;16,00 $;33,04 $;0;
83;MNQ 12-25;Sim101;flash100% ;Short;2;25638,50;25651,25;03/12/2025 12:30:15;03/12/2025 13:24:26;Entry;Stop1;-53,44 $;-971,32 $;2,44 $;51,00 $;94,00 $;147,44 $;0;
84;MNQ 12-25;Sim101;MonarcaBandCubierta;Long;1;25466,50;25517,50;03/12/2025 15:30:29;03/12/2025 15:31:45;Entry;Stop1;100,78 $;-870,54 $;1,22 $;18,00 $;122,00 $;21,22 $;0;
85;MNQ 12-25;PAAPEX4193400000001;;Short;5;25621,00;25639,50;04/12/2025 4:33:21;04/12/2025 5:44:08;;;-190,20 $;-1060,74 $;5,20 $;185,00 $;185,00 $;375,20 $;0;
86;MNQ 12-25;PAAPEX4193400000001;;Short;1;25633,00;25622,00;04/12/2025 9:12:54;04/12/2025 9:23:53;;;20,96 $;-1039,78 $;1,04 $;22,00 $;22,00 $;1,04 $;0;
87;MNQ 12-25;PAAPEX4193400000001;;Short;1;25637,75;25619,75;04/12/2025 9:18:58;04/12/2025 9:29:06;;;34,96 $;-1004,82 $;1,04 $;36,00 $;36,00 $;1,04 $;0;
88;MNQ 12-25;PAAPEX4193400000001;;Short;1;25633,00;25647,00;04/12/2025 9:46:10;04/12/2025 9:53:02;;;-29,04 $;-1033,86 $;1,04 $;28,00 $;28,00 $;57,04 $;0;
89;MNQ 12-25;PAAPEX4193400000001;;Short;1;25638,50;25617,00;04/12/2025 9:48:04;04/12/2025 10:16:51;;;41,96 $;-991,90 $;1,04 $;43,00 $;43,00 $;1,04 $;0;
90;MNQ 12-25;PAAPEX4193400000001;;Short;1;25642,50;25639,00;04/12/2025 9:52:37;04/12/2025 10:23:01;;;5,96 $;-985,94 $;1,04 $;7,00 $;7,00 $;1,04 $;0;
91;MNQ 12-25;PAAPEX4193400000001;;Short;1;25648,75;25639,00;04/12/2025 10:03:58;04/12/2025 10:23:01;;;18,46 $;-967,48 $;1,04 $;19,50 $;19,50 $;1,04 $;0;
92;MNQ 12-25;PAAPEX4193400000001;;Short;1;25636,00;25652,75;04/12/2025 10:24:21;04/12/2025 10:30:30;;;-34,54 $;-1002,02 $;1,04 $;33,50 $;33,50 $;68,04 $;0;
93;MNQ 12-25;PAAPEX4193400000001;;Short;1;25641,00;25652,75;04/12/2025 10:24:40;04/12/2025 10:30:30;;;-24,54 $;-1026,56 $;1,04 $;23,50 $;23,50 $;48,04 $;0;
94;MNQ 12-25;PAAPEX4193400000001;;Long;1;25653,00;25643,75;04/12/2025 12:35:41;04/12/2025 12:39:32;;;-19,54 $;-1046,10 $;1,04 $;35,00 $;18,50 $;38,04 $;0;
95;MNQ 12-25;PAAPEX4193400000001;;Long;1;25653,00;25641,25;04/12/2025 12:35:41;04/12/2025 12:39:37;;;-24,54 $;-1070,64 $;1,04 $;35,00 $;18,50 $;43,04 $;0;
96;MNQ 12-25;PAAPEX4193400000001;;Long;2;25653,00;25635,50;04/12/2025 12:35:41;04/12/2025 12:40:07;;;-72,08 $;-1142,72 $;2,08 $;70,00 $;37,00 $;109,08 $;0;
97;MNQ 12-25;PAAPEX4193400000001;;Long;1;25645,00;25635,00;04/12/2025 12:39:28;04/12/2025 12:40:07;;;-21,04 $;-1163,76 $;1,04 $;20,00 $;20,00 $;41,04 $;0;
98;MNQ 12-25;PAAPEX4193400000001;;Long;1;25560,00;25530,25;04/12/2025 16:24:55;04/12/2025 16:25:31;;;-60,54 $;-1224,30 $;1,04 $;59,50 $;59,50 $;120,04 $;0;
99;MNQ 12-25;PAAPEX4193400000001;;Long;1;25540,25;25530,25;04/12/2025 16:25:28;04/12/2025 16:25:31;;;-21,04 $;-1245,34 $;1,04 $;20,00 $;20,00 $;41,04 $;0;
100;MNQ 12-25;PAAPEX4193400000001;;Long;1;25576,75;25573,25;04/12/2025 16:56:25;04/12/2025 16:56:30;;;-8,04 $;-1253,38 $;1,04 $;7,00 $;7,00 $;15,04 $;0;
101;MNQ 12-25;PAAPEX4193400000001;;Long;1;25576,50;25561,00;04/12/2025 16:59:10;04/12/2025 17:00:52;;;-32,04 $;-1285,42 $;1,04 $;31,00 $;31,00 $;63,04 $;0;
102;MNQ 12-25;PAAPEX4193400000001;;Long;1;25613,75;25607,75;04/12/2025 18:22:39;04/12/2025 18:23:04;;;-13,04 $;-1298,46 $;1,04 $;12,00 $;12,00 $;25,04 $;0;
103;MNQ 12-25;PAAPEX4193400000001;;Long;1;25601,50;25615,00;04/12/2025 18:24:59;04/12/2025 18:26:26;;;25,96 $;-1272,50 $;1,04 $;27,00 $;27,00 $;1,04 $;0;
104;MNQ 12-25;PAAPEX4193400000001;;Long;1;25604,25;25598,25;04/12/2025 18:25:07;04/12/2025 18:30:13;;;-13,04 $;-1285,54 $;1,04 $;12,00 $;12,00 $;25,04 $;0;
105;MNQ 12-25;PAAPEX4193400000001;;Long;1;25602,00;25597,50;04/12/2025 18:30:43;04/12/2025 18:32:33;;;-10,04 $;-1295,58 $;1,04 $;9,00 $;9,00 $;19,04 $;0;
106;MNQ 12-25;PAAPEX4193400000001;;Long;1;25597,50;25587,25;04/12/2025 18:31:28;04/12/2025 18:33:00;;;-21,54 $;-1317,12 $;1,04 $;20,50 $;20,50 $;42,04 $;0;
107;MNQ 12-25;PAAPEX4193400000001;;Long;1;25593,00;25587,25;04/12/2025 18:32:01;04/12/2025 18:33:00;;;-12,54 $;-1329,66 $;1,04 $;11,50 $;11,50 $;24,04 $;0;
108;MNQ 12-25;PAAPEX4193400000001;;Long;1;25593,00;25587,25;04/12/2025 18:32:10;04/12/2025 18:33:00;;;-12,54 $;-1342,20 $;1,04 $;11,50 $;11,50 $;24,04 $;0;
109;MNQ 12-25;PAAPEX4193400000001;;Long;1;25593,25;25587,25;04/12/2025 18:32:11;04/12/2025 18:33:00;;;-13,04 $;-1355,24 $;1,04 $;12,00 $;12,00 $;25,04 $;0;
110;MNQ 12-25;Sim101;MonarcaBandCubierta;Long;1;25725,00;25705,50;05/12/2025 11:49:29;05/12/2025 12:00:46;Entry;Stop1;-40,22 $;-1395,46 $;1,22 $;39,00 $;5,50 $;45,72 $;0;
111;MNQ 12-25;Sim101;MonarcaBandCubierta;Long;1;25712,00;25705,50;05/12/2025 12:00:36;05/12/2025 12:00:46;Entry;Stop1;-14,22 $;-1409,68 $;1,22 $;13,00 $;1,50 $;15,72 $;0;
112;MNQ 12-25;Sim101;Flash88-66;Short;1;25694,50;25716,50;05/12/2025 17:20:12;05/12/2025 17:21:27;Entry;Stop1;-45,22 $;-1454,90 $;1,22 $;44,00 $;6,00 $;51,22 $;0;
113;MNQ 12-25;Sim101;Flash88-66;Short;2;25733,25;25733,25;05/12/2025 17:25:53;05/12/2025 17:26:46;Entry;Stop1;-2,44 $;-1457,34 $;2,44 $;32,00 $;46,00 $;48,44 $;0;
114;MNQ 12-25;Sim101;Flash88-66;Short;1;25733,00;25733,25;05/12/2025 17:25:53;05/12/2025 17:26:46;Entry;Stop1;-1,72 $;-1459,06 $;1,22 $;16,50 $;22,50 $;24,22 $;0;
115;MNQ 12-25;Sim101;Flash88-66;Short;1;25728,25;25711,75;05/12/2025 17:27:14;05/12/2025 17:28:06;Entry;Target1;31,78 $;-1427,28 $;1,22 $;6,50 $;34,00 $;2,22 $;0;
116;MNQ 12-25;Sim101;Flash88-66;Short;1;25728,25;25711,75;05/12/2025 17:27:14;05/12/2025 17:28:06;Entry;Target1;31,78 $;-1395,50 $;1,22 $;6,50 $;34,00 $;2,22 $;0;
117;MNQ 12-25;Sim101;Flash88-66;Short;1;25728,25;25711,75;05/12/2025 17:27:14;05/12/2025 17:28:06;Entry;Target1;31,78 $;-1363,72 $;1,22 $;6,50 $;34,00 $;2,22 $;0;
118;MNQ 12-25;Sim101;Flash88-66;Long;1;25699,25;25684,00;05/12/2025 17:28:38;05/12/2025 17:30:50;Entry;Stop1;-31,72 $;-1395,44 $;1,22 $;37,50 $;18,00 $;49,72 $;0;
119;MNQ 12-25;Sim101;Flash88-66;Long;1;25693,00;25684,00;05/12/2025 17:30:12;05/12/2025 17:30:50;Entry;Stop1;-19,22 $;-1414,66 $;1,22 $;25,00 $;10,50 $;29,72 $;0;
120;NQ 12-25;PAAPEX4193400000001;;Short;1;25800,75;25798,25;08/12/2025 9:01:22;08/12/2025 9:16:19;;;46,90 $;-1367,76 $;3,10 $;50,00 $;50,00 $;3,10 $;0;
121;MNQ 12-25;PAAPEX4193400000001;;Long;1;25805,25;25792,50;08/12/2025 15:43:41;08/12/2025 15:46:38;;;-26,54 $;-1394,30 $;1,04 $;25,50 $;25,50 $;52,04 $;0;
122;MNQ 12-25;PAAPEX4193400000001;;Long;1;25802,00;25796,00;08/12/2025 15:45:16;08/12/2025 15:47:03;;;-13,04 $;-1407,34 $;1,04 $;12,00 $;12,00 $;25,04 $;0;
123;MNQ 12-25;PAAPEX4193400000001;;Short;1;25720,25;25700,75;08/12/2025 16:33:57;08/12/2025 16:40:56;;;37,96 $;-1369,38 $;1,04 $;39,00 $;39,00 $;1,04 $;0;
124;MNQ 12-25;PAAPEX4193400000001;;Short;1;25694,75;25670,25;08/12/2025 16:42:02;08/12/2025 16:55:07;;;47,96 $;-1321,42 $;1,04 $;49,00 $;49,00 $;1,04 $;0;
125;MNQ 12-25;PAAPEX4193400000001;;Short;1;25699,25;25661,75;08/12/2025 16:49:06;08/12/2025 16:57:00;;;73,96 $;-1247,46 $;1,04 $;75,00 $;75,00 $;1,04 $;0;
126;MNQ 12-25;PAAPEX4193400000001;;Short;1;25663,25;25640,00;08/12/2025 16:59:49;08/12/2025 17:05:48;;;45,46 $;-1202,00 $;1,04 $;46,50 $;46,50 $;1,04 $;0;
127;MNQ 12-25;PAAPEX4193400000001;;Short;1;25611,00;25625,25;08/12/2025 18:25:29;08/12/2025 18:30:55;;;-29,54 $;-1231,54 $;1,04 $;28,50 $;28,50 $;58,04 $;0;
128;MNQ 12-25;PAAPEX4193400000001;;Short;1;25618,75;25625,25;08/12/2025 18:29:47;08/12/2025 18:30:55;;;-14,04 $;-1245,58 $;1,04 $;13,00 $;13,00 $;27,04 $;0;
129;MNQ 12-25;PAAPEX4193400000001;;Short;1;25694,50;25719,50;09/12/2025 0:33:12;09/12/2025 0:52:37;;;-51,04 $;-1296,62 $;1,04 $;50,00 $;50,00 $;101,04 $;0;
130;MNQ 12-25;PAAPEX4193400000001;;Short;1;25688,00;25701,75;09/12/2025 8:52:20;09/12/2025 9:03:15;;;-28,54 $;-1325,16 $;1,04 $;35,50 $;27,50 $;56,04 $;0;
131;MNQ 12-25;PAAPEX4193400000001;;Short;1;25688,00;25705,75;09/12/2025 8:52:20;09/12/2025 9:03:31;;;-36,54 $;-1361,70 $;1,04 $;35,50 $;27,50 $;64,04 $;0;
132;MNQ 12-25;PAAPEX4193400000001;;Short;1;25691,00;25708,50;09/12/2025 8:58:28;09/12/2025 9:19:37;;;-36,04 $;-1397,74 $;1,04 $;35,00 $;35,00 $;71,04 $;0;
133;MNQ 12-25;PAAPEX4193400000001;;Short;1;25697,75;25708,50;09/12/2025 9:00:57;09/12/2025 9:19:37;;;-22,54 $;-1420,28 $;1,04 $;21,50 $;21,50 $;44,04 $;0;
134;MNQ 12-25;PAAPEX4193400000001;;Short;1;25702,75;25708,50;09/12/2025 9:06:17;09/12/2025 9:19:37;;;-12,54 $;-1432,82 $;1,04 $;11,50 $;11,50 $;24,04 $;0;
135;MNQ 12-25;PAAPEX4193400000001;;Short;1;25703,50;25708,50;09/12/2025 9:06:35;09/12/2025 9:19:37;;;-11,04 $;-1443,86 $;1,04 $;10,00 $;10,00 $;21,04 $;0;
136;MNQ 12-25;PAAPEX4193400000001;;Short;1;25696,00;25675,75;09/12/2025 9:45:27;09/12/2025 10:17:37;;;39,46 $;-1404,40 $;1,04 $;40,50 $;40,50 $;1,04 $;0;
137;MNQ 12-25;PAAPEX4193400000001;;Short;1;25700,75;25672,25;09/12/2025 9:51:59;09/12/2025 10:18:29;;;55,96 $;-1348,44 $;1,04 $;57,00 $;57,00 $;1,04 $;0;
138;MNQ 12-25;PAAPEX4193400000001;;Short;1;25702,50;25672,25;09/12/2025 9:52:20;09/12/2025 10:18:29;;;59,46 $;-1288,98 $;1,04 $;60,50 $;60,50 $;1,04 $;0;
139;MNQ 12-25;PAAPEX4193400000001;;Short;1;25701,50;25672,25;09/12/2025 9:53:38;09/12/2025 10:18:29;;;57,46 $;-1231,52 $;1,04 $;58,50 $;58,50 $;1,04 $;0;
140;MNQ 12-25;PAAPEX4193400000001;;Short;1;25702,25;25672,25;09/12/2025 9:55:21;09/12/2025 10:18:29;;;58,96 $;-1172,56 $;1,04 $;60,00 $;60,00 $;1,04 $;0;
141;MNQ 12-25;PAAPEX4193400000001;;Short;2;25670,50;25668,00;09/12/2025 10:19:25;09/12/2025 10:23:35;;;7,92 $;-1164,64 $;2,08 $;10,00 $;10,00 $;2,08 $;0;
142;MNQ 12-25;PAAPEX4193400000001;;Short;1;25642,75;25635,25;09/12/2025 12:13:10;09/12/2025 12:16:59;;;13,96 $;-1150,68 $;1,04 $;15,00 $;15,00 $;1,04 $;0;
143;MNQ 12-25;PAAPEX4193400000001;;Short;1;25647,25;25652,00;09/12/2025 12:14:58;09/12/2025 12:24:44;;;-10,54 $;-1161,22 $;1,04 $;9,50 $;9,50 $;20,04 $;0;
144;MNQ 12-25;Sim101;MonarcaBandCubierta;Long;1;25670,00;25644,75;09/12/2025 13:52:48;09/12/2025 14:15:59;Entry;Stop1;-51,72 $;-1212,94 $;1,22 $;50,50 $;5,50 $;57,22 $;0;
145;MNQ 12-25;Sim101;MonarcaBandCubierta;Long;1;25664,50;25644,75;09/12/2025 13:57:54;09/12/2025 14:16:00;Entry;Stop1;-40,72 $;-1253,66 $;1,22 $;39,50 $;3,00 $;43,72 $;0;
146;MNQ 12-25;Sim101;MonarcaBandCubierta;Long;1;25659,75;25644,75;09/12/2025 14:00:20;09/12/2025 14:16:00;Entry;Stop1;-31,22 $;-1284,88 $;1,22 $;30,00 $;12,50 $;43,72 $;0;
147;MNQ 12-25;Sim101;MonarcaBandCubierta;Long;1;25656,25;25644,75;09/12/2025 14:01:13;09/12/2025 14:16:00;Entry;Stop1;-24,22 $;-1309,10 $;1,22 $;23,00 $;19,50 $;43,72 $;0;
148;MNQ 12-25;Sim101;MonarcaBandCubierta;Long;1;25653,75;25644,75;09/12/2025 14:01:34;09/12/2025 14:16:00;Entry;Stop1;-19,22 $;-1328,32 $;1,22 $;18,00 $;24,50 $;43,72 $;0;
149;MNQ 12-25;Sim101;MonarcaBandCubierta;Long;1;25652,00;25644,75;09/12/2025 14:01:57;09/12/2025 14:16:00;Entry;Stop1;-15,72 $;-1344,04 $;1,22 $;14,50 $;28,00 $;43,72 $;0;
150;MNQ 12-25;Sim101;MonarcaBandCubierta;Long;1;25654,50;25644,75;09/12/2025 14:14:11;09/12/2025 14:16:00;Entry;Stop1;-20,72 $;-1364,76 $;1,22 $;19,50 $;5,00 $;25,72 $;0;
151;MNQ 12-25;Sim101;MonarcaBandCubierta;Long;1;25654,50;25644,75;09/12/2025 14:14:15;09/12/2025 14:16:00;Entry;Stop1;-20,72 $;-1385,48 $;1,22 $;19,50 $;5,00 $;25,72 $;0;
152;MNQ 12-25;Sim101;MonarcaBandCubierta;Long;1;25655,50;25644,75;09/12/2025 14:14:19;09/12/2025 14:16:00;Entry;Stop1;-22,72 $;-1408,20 $;1,22 $;21,50 $;3,00 $;25,72 $;0;
153;MNQ 12-25;Sim101;MonarcaBandCubierta;Long;1;25655,50;25644,75;09/12/2025 14:14:28;09/12/2025 14:16:00;Entry;Stop1;-22,72 $;-1430,92 $;1,22 $;21,50 $;3,00 $;25,72 $;0;
154;MNQ 12-25;PAAPEX4193400000001;;Short;2;25621,50;25580,00;09/12/2025 15:30:25;09/12/2025 15:31:50;;;163,92 $;-1267,00 $;2,08 $;166,00 $;166,00 $;2,08 $;0;
155;MNQ 12-25;PAAPEX4193400000001;;Short;1;25592,25;25578,75;09/12/2025 15:34:09;09/12/2025 15:34:46;;;25,96 $;-1241,04 $;1,04 $;27,00 $;27,00 $;1,04 $;0;
156;MNQ 12-25;PAAPEX4193400000001;;Short;1;25597,50;25618,75;09/12/2025 15:34:18;09/12/2025 15:37:46;;;-43,54 $;-1284,58 $;1,04 $;42,50 $;42,50 $;86,04 $;0;
157;MNQ 12-25;PAAPEX4193400000001;;Short;1;25600,00;25618,75;09/12/2025 15:36:54;09/12/2025 15:37:46;;;-38,54 $;-1323,12 $;1,04 $;37,50 $;37,50 $;76,04 $;0;
158;MNQ 12-25;PAAPEX4193400000001;;Short;1;25642,75;25611,00;09/12/2025 15:39:32;09/12/2025 15:44:05;;;62,46 $;-1260,66 $;1,04 $;63,50 $;63,50 $;1,04 $;0;
159;MNQ 12-25;Sim101;MonarcaBandCubierta;Long;1;25728,00;25728,25;09/12/2025 18:06:48;09/12/2025 18:07:01;Entry;Cerrar;-0,72 $;-1261,38 $;1,22 $;1,00 $;3,50 $;4,22 $;0;
160;MNQ 12-25;Sim101;MonarcaBandCubierta;Long;1;25724,50;25718,25;09/12/2025 18:07:50;09/12/2025 18:08:18;Entry;Exit;-13,72 $;-1275,10 $;1,22 $;14,00 $;4,00 $;17,72 $;0;
161;MNQ 12-25;Sim101;MonarcaBandCubierta;Long;1;25721,50;25723,00;09/12/2025 18:08:07;09/12/2025 18:08:42;Entry;Exit;1,78 $;-1273,32 $;1,22 $;8,00 $;10,00 $;8,22 $;0;
162;MNQ 12-25;Sim101;MonarcaBandCubierta;Long;1;25722,00;25725,25;09/12/2025 18:08:28;09/12/2025 18:09:31;Entry;Target1;5,28 $;-1268,04 $;1,22 $;2,00 $;9,00 $;3,72 $;0;
163;MNQ 12-25;Sim101;MonarcaBandCubierta;Short;1;25719,25;25723,00;09/12/2025 18:13:01;09/12/2025 18:14:02;Entry;Exit;-8,72 $;-1276,76 $;1,22 $;14,00 $;14,50 $;23,22 $;0;
164;MNQ 12-25;Sim101;MonarcaBandCubierta;Short;1;25718,25;25718,25;09/12/2025 18:13:11;09/12/2025 18:16:08;Entry;Exit;-1,22 $;-1277,98 $;1,22 $;16,00 $;12,50 $;13,72 $;0;
165;MNQ 12-25;Sim101;MonarcaBandCubierta;Short;1;25718,25;25713,75;09/12/2025 18:15:51;09/12/2025 18:17:34;Entry;Cerrar;7,78 $;-1270,20 $;1,22 $;4,00 $;12,50 $;4,72 $;0;
166;MNQ 12-25;PAAPEX4193400000001;;Short;1;25667,00;25658,75;10/12/2025 1:25:13;10/12/2025 3:02:23;;;15,46 $;-1254,74 $;1,04 $;16,50 $;16,50 $;1,04 $;0;
167;MNQ 12-25;Sim101;MonarcaBandCubierta;Long;1;25716,50;25704,00;10/12/2025 10:02:23;10/12/2025 10:16:28;Entry;Stop1;-26,22 $;-1280,96 $;1,22 $;25,00 $;31,00 $;57,22 $;0;
168;MNQ 12-25;PAAPEX4193400000001;;Short;1;25645,00;25638,50;10/12/2025 13:04:09;10/12/2025 13:17:21;;;11,96 $;-1269,00 $;1,04 $;13,00 $;13,00 $;1,04 $;0;
169;MNQ 12-25;PAAPEX4193400000001;;Short;1;25649,50;25649,00;10/12/2025 13:06:58;10/12/2025 13:29:35;;;-0,04 $;-1269,04 $;1,04 $;1,00 $;1,00 $;1,04 $;0;
170;MNQ 12-25;Sim101;flash164;Short;1;25636,25;25657,75;10/12/2025 13:42:27;10/12/2025 14:13:19;Entry;Stop1;-44,22 $;-1313,26 $;1,22 $;50,00 $;14,00 $;58,22 $;0;
171;MNQ 12-25;Sim101;flash164;Short;1;25635,75;25661,25;10/12/2025 13:44:37;10/12/2025 14:13:44;Entry;Stop1;-52,22 $;-1365,48 $;1,22 $;51,00 $;13,00 $;65,22 $;0;
172;MNQ 12-25;Sim101;flash164;Long;4;25650,75;25635,75;10/12/2025 15:22:33;10/12/2025 15:30:33;Entry;Stop1;-124,88 $;-1490,36 $;4,88 $;166,00 $;130,00 $;254,88 $;0;
173;MNQ 12-25;Sim101;flash164;Long;1;25643,25;25631,75;10/12/2025 15:28:37;10/12/2025 15:30:37;Entry;Stop1;-24,22 $;-1514,58 $;1,22 $;26,50 $;40,00 $;64,22 $;0;
174;MNQ 12-25;Sim101;flash164;Long;3;25643,25;25631,50;10/12/2025 15:28:37;10/12/2025 15:30:37;Entry;Stop1;-74,16 $;-1588,74 $;3,66 $;79,50 $;120,00 $;194,16 $;0;
175;MNQ 12-25;PAAPEX4193400000001;;Short;1;25610,50;25628,00;10/12/2025 15:40:01;10/12/2025 15:42:37;;;-36,04 $;-1624,78 $;1,04 $;35,00 $;35,00 $;71,04 $;0;
176;MNQ 12-25;PAAPEX4193400000001;;Short;1;25619,50;25646,00;10/12/2025 15:40:16;10/12/2025 15:43:11;;;-54,04 $;-1678,82 $;1,04 $;53,00 $;53,00 $;107,04 $;0;
177;MNQ 12-25;PAAPEX4193400000001;;Short;1;25616,00;25646,00;10/12/2025 15:40:27;10/12/2025 15:43:11;;;-61,04 $;-1739,86 $;1,04 $;60,00 $;60,00 $;121,04 $;0;
178;MNQ 12-25;PAAPEX4193400000001;;Short;1;25647,50;25638,75;10/12/2025 15:43:31;10/12/2025 15:49:51;;;16,46 $;-1723,40 $;1,04 $;17,50 $;17,50 $;1,04 $;0;
179;MNQ 12-25;PAAPEX4193400000001;;Short;1;25650,75;25626,50;10/12/2025 15:45:31;10/12/2025 15:54:28;;;47,46 $;-1675,94 $;1,04 $;48,50 $;48,50 $;1,04 $;0;
180;MNQ 12-25;PAAPEX4193400000001;;Short;1;25620,00;25617,25;10/12/2025 15:54:38;10/12/2025 15:55:21;;;4,46 $;-1671,48 $;1,04 $;5,50 $;5,50 $;1,04 $;0;
181;MNQ 12-25;PAAPEX4193400000001;;Short;1;25596,50;25607,25;10/12/2025 15:56:38;10/12/2025 15:57:51;;;-22,54 $;-1694,02 $;1,04 $;21,50 $;21,50 $;44,04 $;0;
182;NQ 12-25;PAAPEX4193400000001;;Long;1;25637,00;25650,00;10/12/2025 17:49:30;10/12/2025 17:56:00;;;256,90 $;-1437,12 $;3,10 $;260,00 $;260,00 $;3,10 $;0;
183;MNQ 12-25;PAAPEX4193400000001;;Long;1;25650,75;25641,25;10/12/2025 17:56:08;10/12/2025 18:08:49;;;-20,04 $;-1457,16 $;1,04 $;25,00 $;19,00 $;39,04 $;0;
184;MNQ 12-25;PAAPEX4193400000001;;Long;1;25650,75;25638,25;10/12/2025 17:56:08;10/12/2025 18:09:00;;;-26,04 $;-1483,20 $;1,04 $;25,00 $;19,00 $;45,04 $;0;
185;MNQ 12-25;PAAPEX4193400000001;;Long;1;25654,25;25631,75;10/12/2025 17:58:05;10/12/2025 18:10:16;;;-46,04 $;-1529,24 $;1,04 $;45,00 $;45,00 $;91,04 $;0;
186;MNQ 12-25;PAAPEX4193400000001;;Long;1;25641,25;25625,25;10/12/2025 18:08:44;10/12/2025 18:11:16;;;-33,04 $;-1562,28 $;1,04 $;32,00 $;32,00 $;65,04 $;0;
187;MNQ 12-25;PAAPEX4193400000001;;Long;1;25633,50;25630,50;10/12/2025 18:14:31;10/12/2025 18:44:35;;;-7,04 $;-1569,32 $;1,04 $;6,00 $;3,50 $;10,54 $;0;
188;MNQ 12-25;PAAPEX4193400000001;;Long;1;25633,50;25635,25;10/12/2025 18:14:31;10/12/2025 18:45:47;;;2,46 $;-1566,86 $;1,04 $;6,00 $;3,50 $;1,04 $;0;
189;MNQ 12-25;PAAPEX4193400000001;;Long;1;25620,75;25654,00;10/12/2025 18:30:32;10/12/2025 18:52:51;;;65,46 $;-1501,40 $;1,04 $;66,50 $;66,50 $;1,04 $;0;
190;MNQ 12-25;PAAPEX4193400000001;;Long;1;25658,50;25659,25;10/12/2025 18:53:38;10/12/2025 18:57:57;;;0,46 $;-1500,94 $;1,04 $;1,50 $;1,50 $;1,04 $;0;
191;MNQ 12-25;PAAPEX4193400000001;;Long;1;25505,00;25488,25;11/12/2025 9:05:25;11/12/2025 9:09:36;;;-34,54 $;-1535,48 $;1,04 $;33,50 $;33,50 $;68,04 $;0;
192;MNQ 12-25;PAAPEX4193400000001;;Long;1;25502,75;25488,00;11/12/2025 9:06:56;11/12/2025 9:14:43;;;-30,54 $;-1566,02 $;1,04 $;29,50 $;29,50 $;60,04 $;0;
193;MNQ 12-25;PAAPEX4193400000001;;Long;1;25500,75;25488,00;11/12/2025 9:07:45;11/12/2025 9:14:43;;;-26,54 $;-1592,56 $;1,04 $;25,50 $;25,50 $;52,04 $;0;
194;MNQ 12-25;PAAPEX4193400000001;;Long;1;25482,00;25511,75;11/12/2025 9:31:58;11/12/2025 9:50:56;;;58,46 $;-1534,10 $;1,04 $;59,50 $;59,50 $;1,04 $;0;
195;MNQ 12-25;PAAPEX4193400000001;;Long;1;25479,00;25521,00;11/12/2025 9:34:46;11/12/2025 9:54:13;;;82,96 $;-1451,14 $;1,04 $;84,00 $;84,00 $;1,04 $;0;
196;NQ 12-25;PAAPEX4193400000001;;Long;1;25540,25;25560,50;11/12/2025 10:02:10;11/12/2025 10:09:00;;;401,90 $;-1049,24 $;3,10 $;405,00 $;405,00 $;3,10 $;0;
197;NQ 12-25;Sim101;MonarcaBandCubierta;Short;1;25611,50;25590,50;11/12/2025 15:30:27;11/12/2025 15:31:20;Entry;Target1;415,82 $;-633,42 $;4,18 $;220,00 $;480,00 $;64,18 $;0;
198;NQ 12-25;Sim101;MonarcaBandCubierta;Short;1;25559,25;25493,25;11/12/2025 15:45:55;11/12/2025 15:49:36;Entry;Stop1;1315,82 $;682,40 $;4,18 $;155,00 $;1520,00 $;204,18 $;0;
199;MNQ 12-25;PAAPEX4193400000001;;Short;4;25533,50;25517,00;11/12/2025 16:47:12;11/12/2025 16:47:55;;;127,84 $;810,24 $;4,16 $;132,00 $;132,00 $;4,16 $;0;
200;MNQ 12-25;PAAPEX4193400000001;;Short;1;25533,50;25517,00;11/12/2025 16:47:12;11/12/2025 16:47:55;;;31,96 $;842,20 $;1,04 $;33,00 $;33,00 $;1,04 $;0;
201;MNQ 12-25;PAAPEX4193400000001;;Short;1;25508,75;25502,25;11/12/2025 16:48:30;11/12/2025 16:48:57;;;11,96 $;854,16 $;1,04 $;13,00 $;13,00 $;1,04 $;0;
202;MNQ 12-25;PAAPEX4193400000001;;Short;1;25465,75;25484,50;11/12/2025 16:51:06;11/12/2025 16:52:45;;;-38,54 $;815,62 $;1,04 $;37,50 $;37,50 $;76,04 $;0;
203;MNQ 12-25;PAAPEX4193400000001;;Short;1;25518,00;25514,25;11/12/2025 17:08:02;11/12/2025 17:14:24;;;6,46 $;822,08 $;1,04 $;7,50 $;7,50 $;1,04 $;0;
204;MNQ 12-25;PAAPEX4193400000001;;Short;1;25508,00;25499,75;11/12/2025 17:15:43;11/12/2025 17:21:23;;;15,46 $;837,54 $;1,04 $;16,50 $;16,50 $;1,04 $;0;
205;MNQ 12-25;PAAPEX4193400000001;;Long;1;25621,25;25638,25;11/12/2025 19:04:05;11/12/2025 19:12:24;;;32,96 $;870,50 $;1,04 $;34,00 $;34,00 $;1,04 $;0;
206;MNQ 12-25;PAAPEX4193400000001;;Long;1;25616,50;25626,00;11/12/2025 19:05:14;11/12/2025 19:16:14;;;17,96 $;888,46 $;1,04 $;19,00 $;19,00 $;1,04 $;0;
207;MNQ 12-25;PAAPEX4193400000001;;Long;1;25641,50;25616,50;11/12/2025 19:21:28;11/12/2025 19:23:21;;;-51,04 $;837,42 $;1,04 $;50,00 $;50,00 $;101,04 $;0;
208;MNQ 12-25;PAAPEX4193400000001;;Long;1;25625,50;25612,75;11/12/2025 19:24:10;11/12/2025 19:26:52;;;-26,54 $;810,88 $;1,04 $;25,50 $;25,50 $;52,04 $;0;
209;MNQ 12-25;PAAPEX4193400000001;;Long;1;25623,75;25621,75;11/12/2025 19:27:54;11/12/2025 19:34:03;;;-5,04 $;805,84 $;1,04 $;4,00 $;4,00 $;9,04 $;0;
210;MNQ 12-25;PAAPEX4193400000001;;Long;1;25617,50;25620,00;11/12/2025 19:28:35;11/12/2025 19:34:31;;;3,96 $;809,80 $;1,04 $;5,00 $;5,00 $;1,04 $;0;
211;MNQ 12-25;PAAPEX4193400000001;;Long;1;25646,75;25658,75;11/12/2025 19:36:05;11/12/2025 19:51:09;;;22,96 $;832,76 $;1,04 $;24,00 $;24,00 $;1,04 $;0;
212;MNQ 12-25;PAAPEX4193400000001;;Long;1;25645,75;25648,00;11/12/2025 19:55:07;11/12/2025 20:06:29;;;3,46 $;836,22 $;1,04 $;4,50 $;4,50 $;1,04 $;0;
213;MNQ 12-25;Sim101;MINIMonarcaBandCubierta;Long;1;25674,25;25649,25;12/12/2025 0:38:39;12/12/2025 1:09:59;Entry;Stop1;-51,22 $;785,00 $;1,22 $;57,00 $;38,00 $;89,22 $;0;
214;MNQ 12-25;PAAPEX4193400000001;;Long;1;25670,25;25657,00;12/12/2025 9:17:25;12/12/2025 9:46:34;;;-27,54 $;757,46 $;1,04 $;26,50 $;26,50 $;54,04 $;0;
215;MNQ 12-25;PAAPEX4193400000001;;Long;1;25676,50;25656,25;12/12/2025 9:37:44;12/12/2025 9:46:38;;;-41,54 $;715,92 $;1,04 $;40,50 $;40,50 $;82,04 $;0;
216;MNQ 12-25;PAAPEX4193400000001;;Long;1;25668,00;25648,25;12/12/2025 9:44:26;12/12/2025 10:08:50;;;-40,54 $;675,38 $;1,04 $;39,50 $;39,50 $;80,04 $;0;
217;MNQ 12-25;PAAPEX4193400000001;;Long;1;25654,75;25648,25;12/12/2025 9:47:17;12/12/2025 10:08:50;;;-14,04 $;661,34 $;1,04 $;13,00 $;13,00 $;27,04 $;0;
218;MNQ 12-25;PAAPEX4193400000001;;Long;1;25653,75;25648,25;12/12/2025 10:07:30;12/12/2025 10:08:50;;;-12,04 $;649,30 $;1,04 $;11,00 $;11,00 $;23,04 $;0;
219;MNQ 12-25;PAAPEX4193400000001;;Long;1;25652,25;25648,25;12/12/2025 10:08:43;12/12/2025 10:08:50;;;-9,04 $;640,26 $;1,04 $;8,00 $;8,00 $;17,04 $;0;
220;MNQ 12-25;PAAPEX4193400000001;;Long;1;25559,50;25517,25;12/12/2025 15:44:14;12/12/2025 15:48:01;;;-85,54 $;554,72 $;1,04 $;84,50 $;84,50 $;170,04 $;0;
221;MNQ 12-25;PAAPEX4193400000001;;Long;1;25546,75;25517,25;12/12/2025 15:45:14;12/12/2025 15:48:01;;;-60,04 $;494,68 $;1,04 $;59,00 $;59,00 $;119,04 $;0;
222;MNQ 12-25;PAAPEX4193400000001;;Long;1;25541,50;25517,25;12/12/2025 15:47:14;12/12/2025 15:48:01;;;-49,54 $;445,14 $;1,04 $;48,50 $;48,50 $;98,04 $;0;
223;MNQ 12-25;PAAPEX4193400000001;;Long;1;25533,50;25505,50;12/12/2025 15:47:53;12/12/2025 15:48:35;;;-57,04 $;388,10 $;1,04 $;56,00 $;56,00 $;113,04 $;0;
224;MNQ 12-25;PAAPEX4193400000001;;Long;1;25515,75;25549,25;12/12/2025 15:48:42;12/12/2025 15:52:36;;;65,96 $;454,06 $;1,04 $;67,00 $;67,00 $;1,04 $;0;
225;MNQ 12-25;PAAPEX4193400000001;;Long;1;25508,50;25548,00;12/12/2025 15:49:54;12/12/2025 15:53:00;;;77,96 $;532,02 $;1,04 $;79,00 $;79,00 $;1,04 $;0;
226;MNQ 12-25;PAAPEX4193400000001;;Long;1;25214,50;25177,50;12/12/2025 17:29:05;12/12/2025 17:32:09;;;-75,04 $;456,98 $;1,04 $;74,00 $;74,00 $;149,04 $;0;
227;MNQ 12-25;PAAPEX4193400000001;;Long;1;25200,00;25176,75;12/12/2025 17:30:04;12/12/2025 17:32:24;;;-47,54 $;409,44 $;1,04 $;46,50 $;46,50 $;94,04 $;0;
228;MNQ 12-25;PAAPEX4193400000001;;Long;1;25199,50;25176,75;12/12/2025 17:30:10;12/12/2025 17:32:24;;;-46,54 $;362,90 $;1,04 $;45,50 $;45,50 $;92,04 $;0;
229;MNQ 12-25;PAAPEX4193400000001;;Long;1;25184,00;25176,75;12/12/2025 17:31:46;12/12/2025 17:32:24;;;-15,54 $;347,36 $;1,04 $;14,50 $;14,50 $;30,04 $;0;
230;MNQ 12-25;PAAPEX4193400000001;;Long;1;25175,75;25176,75;12/12/2025 17:31:59;12/12/2025 17:32:24;;;0,96 $;348,32 $;1,04 $;2,00 $;2,00 $;1,04 $;0;
231;MNQ 12-25;PAAPEX4193400000001;;Long;1;25166,00;25150,25;12/12/2025 17:34:28;12/12/2025 17:37:36;;;-32,54 $;315,78 $;1,04 $;31,50 $;31,50 $;64,04 $;0;
232;MNQ 12-25;PAAPEX4193400000001;;Long;1;25166,00;25150,25;12/12/2025 17:35:56;12/12/2025 17:37:36;;;-32,54 $;283,24 $;1,04 $;31,50 $;31,50 $;64,04 $;0;
233;MNQ 12-25;PAAPEX4193400000001;;Long;1;25169,00;25215,50;12/12/2025 17:59:36;12/12/2025 18:01:29;;;91,96 $;375,20 $;1,04 $;93,00 $;93,00 $;1,04 $;0;
234;MNQ 12-25;PAAPEX4193400000001;;Long;1;25221,25;25232,75;12/12/2025 18:04:26;12/12/2025 18:09:07;;;21,96 $;397,16 $;1,04 $;23,00 $;23,00 $;1,04 $;0;
235;MNQ 12-25;PAAPEX4193400000001;;Long;2;25286,00;25286,25;12/12/2025 18:18:26;12/12/2025 18:23:18;;;-1,08 $;396,08 $;2,08 $;1,00 $;1,00 $;2,08 $;0;
236;MNQ 12-25;PAAPEX4193400000001;;Long;4;25230,50;25222,25;12/12/2025 21:14:38;12/12/2025 21:15:28;;;-70,16 $;325,92 $;4,16 $;66,00 $;66,00 $;136,16 $;0;
237;MNQ 12-25;PAAPEX4193400000001;;Long;1;25224,25;25235,50;12/12/2025 21:15:36;12/12/2025 21:17:30;;;21,46 $;347,38 $;1,04 $;19,00 $;24,50 $;3,04 $;0;
238;MNQ 12-25;PAAPEX4193400000001;;Long;1;25224,25;25236,50;12/12/2025 21:15:36;12/12/2025 21:21:14;;;23,46 $;370,84 $;1,04 $;19,00 $;24,50 $;1,04 $;0;
239;MNQ 12-25;PAAPEX4193400000001;;Long;2;25224,25;25233,75;12/12/2025 21:15:36;12/12/2025 21:24:14;;;35,92 $;406,76 $;2,08 $;38,00 $;49,00 $;13,08 $;0;
240;NQ 03-26;Sim101;MonarcaBandCubierta;Short;1;25509,75;25501,00;15/12/2025 8:59:26;15/12/2025 9:19:09;Entry;Stop1;170,82 $;577,58 $;4,18 $;175,00 $;465,00 $;294,18 $;0;
241;MNQ 03-26;PAAPEX4193400000001;;Short;1;25495,75;25510,50;15/12/2025 9:18:50;15/12/2025 9:29:16;;;-30,54 $;547,04 $;1,04 $;29,50 $;29,50 $;60,04 $;0;
242;MNQ 03-26;PAAPEX4193400000001;;Short;1;25505,50;25521,00;15/12/2025 9:23:05;15/12/2025 9:33:27;;;-32,04 $;515,00 $;1,04 $;31,00 $;31,00 $;63,04 $;0;
243;MNQ 03-26;PAAPEX4193400000001;;Short;1;25509,25;25521,00;15/12/2025 9:29:06;15/12/2025 9:33:27;;;-24,54 $;490,46 $;1,04 $;23,50 $;23,50 $;48,04 $;0;
244;MNQ 03-26;PAAPEX4193400000001;;Short;1;25610,25;25608,25;15/12/2025 13:57:09;15/12/2025 14:28:59;;;2,96 $;493,42 $;1,04 $;4,00 $;4,00 $;1,04 $;0;
245;MNQ 03-26;PAAPEX4193400000001;;Short;1;25609,25;25608,25;15/12/2025 13:59:09;15/12/2025 14:28:59;;;0,96 $;494,38 $;1,04 $;2,00 $;2,00 $;1,04 $;0;
246;NQ 03-26;Sim101;MonarcaBandCubierta;Short;1;25610,25;25626,00;15/12/2025 14:02:37;15/12/2025 14:45:46;Entry;Stop1;-319,18 $;175,20 $;4,18 $;315,00 $;300,00 $;619,18 $;0;
247;MNQ 03-26;PAAPEX4193400000001;;Short;1;25612,75;25565,75;15/12/2025 15:37:02;15/12/2025 15:39:28;;;92,96 $;268,16 $;1,04 $;94,00 $;94,00 $;1,04 $;0;
248;MNQ 03-26;PAAPEX4193400000001;;Short;1;25612,75;25565,75;15/12/2025 15:37:02;15/12/2025 15:39:29;;;92,96 $;361,12 $;1,04 $;94,00 $;94,00 $;1,04 $;0;
249;NQ 03-26;PAAPEX4193400000001;;Long;1;25431,00;25432,50;15/12/2025 17:07:20;15/12/2025 17:07:51;;;26,90 $;388,02 $;3,10 $;30,00 $;30,00 $;3,10 $;0;
250;NQ 03-26;PAAPEX4193400000001;;Long;1;25429,00;25432,50;15/12/2025 17:07:32;15/12/2025 17:07:51;;;66,90 $;454,92 $;3,10 $;70,00 $;70,00 $;3,10 $;0;
251;MNQ 03-26;PAAPEX4193400000001;;Long;4;25437,00;25415,00;15/12/2025 17:09:52;15/12/2025 17:11:29;;;-180,16 $;274,76 $;4,16 $;176,00 $;176,00 $;356,16 $;0;
252;MNQ 03-26;PAAPEX4193400000001;;Long;4;25418,50;25417,75;15/12/2025 17:11:31;15/12/2025 17:12:17;;;-10,16 $;264,60 $;4,16 $;6,00 $;6,00 $;16,16 $;0;
253;MNQ 03-26;PAAPEX4193400000001;;Long;2;25440,50;25440,50;15/12/2025 17:15:45;15/12/2025 17:16:06;;;-2,08 $;262,52 $;2,08 $;3,00 $;0,00 $;2,08 $;0;
254;MNQ 03-26;PAAPEX4193400000001;;Long;3;25440,50;25439,75;15/12/2025 17:15:45;15/12/2025 17:16:06;;;-7,62 $;254,90 $;3,12 $;4,50 $;0,00 $;7,62 $;0;
255;MNQ 03-26;PAAPEX4193400000001;;Short;1;25412,75;25428,50;15/12/2025 17:52:43;15/12/2025 17:54:22;;;-32,54 $;222,36 $;1,04 $;49,50 $;28,00 $;60,54 $;0;
256;MNQ 03-26;PAAPEX4193400000001;;Short;1;25412,75;25426,75;15/12/2025 17:52:43;15/12/2025 17:54:23;;;-29,04 $;193,32 $;1,04 $;49,50 $;28,00 $;57,04 $;0;
257;MNQ 03-26;PAAPEX4193400000001;;Short;1;25412,75;25437,50;15/12/2025 17:52:43;15/12/2025 17:55:33;;;-50,54 $;142,78 $;1,04 $;49,50 $;28,00 $;78,54 $;0;
258;MNQ 03-26;PAAPEX4193400000001;;Short;1;25412,75;25437,50;15/12/2025 17:52:43;15/12/2025 17:55:33;;;-50,54 $;92,24 $;1,04 $;49,50 $;28,00 $;78,54 $;0;
259;MNQ 03-26;PAAPEX4193400000001;;Short;1;25427,25;25437,50;15/12/2025 17:53:04;15/12/2025 17:55:33;;;-21,54 $;70,70 $;1,04 $;20,50 $;20,50 $;42,04 $;0;
260;MNQ 03-26;PAAPEX4193400000001;;Short;1;25424,50;25437,50;15/12/2025 17:54:19;15/12/2025 17:55:33;;;-27,04 $;43,66 $;1,04 $;26,00 $;26,00 $;53,04 $;0;
261;MNQ 03-26;PAAPEX4193400000001;;Short;1;25421,75;25437,50;15/12/2025 17:54:33;15/12/2025 17:55:33;;;-32,54 $;11,12 $;1,04 $;31,50 $;31,50 $;64,04 $;0;
262;MNQ 03-26;PAAPEX4193400000001;;Short;1;25433,00;25402,50;15/12/2025 17:55:55;15/12/2025 17:56:44;;;59,96 $;71,08 $;1,04 $;32,50 $;70,00 $;10,04 $;0;
263;MNQ 03-26;PAAPEX4193400000001;;Short;1;25433,00;25398,00;15/12/2025 17:55:55;15/12/2025 17:57:03;;;68,96 $;140,04 $;1,04 $;32,50 $;70,00 $;1,04 $;0;
264;MNQ 03-26;PAAPEX4193400000001;;Short;1;25433,00;25405,00;15/12/2025 17:55:55;15/12/2025 18:03:10;;;54,96 $;195,00 $;1,04 $;32,50 $;70,00 $;15,04 $;0;
265;MNQ 03-26;PAAPEX4193400000001;;Short;1;25433,00;25416,75;15/12/2025 17:55:55;15/12/2025 18:06:14;;;31,46 $;226,46 $;1,04 $;32,50 $;70,00 $;38,54 $;0;
266;MNQ 03-26;PAAPEX4193400000001;;Short;1;25404,25;25416,75;15/12/2025 18:04:47;15/12/2025 18:06:14;;;-26,04 $;200,42 $;1,04 $;25,00 $;25,00 $;51,04 $;0;
267;NQ 03-26;PAAPEX4193400000001;;Short;1;25392,25;25375,75;15/12/2025 18:32:10;15/12/2025 18:33:25;;;326,90 $;527,32 $;3,10 $;330,00 $;330,00 $;3,10 $;0;
268;MNQ 03-26;PAAPEX4193400000001;;Short;1;25371,25;25353,00;15/12/2025 18:50:10;15/12/2025 18:53:24;;;35,46 $;562,78 $;1,04 $;36,50 $;36,50 $;1,04 $;0;
269;MNQ 03-26;PAAPEX4193400000001;;Short;1;25362,25;25374,00;15/12/2025 18:56:07;15/12/2025 18:58:32;;;-24,54 $;538,24 $;1,04 $;23,50 $;23,50 $;48,04 $;0;
270;MNQ 03-26;PAAPEX4193400000001;;Short;1;25362,00;25380,00;15/12/2025 18:58:01;15/12/2025 18:59:46;;;-37,04 $;501,20 $;1,04 $;36,00 $;36,00 $;73,04 $;0;
271;MNQ 03-26;PAAPEX4193400000001;;Short;1;25360,75;25376,50;15/12/2025 19:01:46;15/12/2025 19:03:44;;;-32,54 $;468,66 $;1,04 $;31,50 $;31,50 $;64,04 $;0;
272;MNQ 03-26;PAAPEX4193400000001;;Short;1;25362,00;25385,00;15/12/2025 19:02:44;15/12/2025 19:03:58;;;-47,04 $;421,62 $;1,04 $;46,00 $;46,00 $;93,04 $;0;
273;MNQ 03-26;PAAPEX4193400000001;;Short;1;25373,00;25385,75;15/12/2025 19:03:24;15/12/2025 19:04:03;;;-26,54 $;395,08 $;1,04 $;25,50 $;25,50 $;52,04 $;0;
274;MNQ 03-26;PAAPEX4193400000001;;Short;1;25382,25;25400,25;15/12/2025 19:04:25;15/12/2025 19:07:30;;;-37,04 $;358,04 $;1,04 $;36,00 $;36,00 $;73,04 $;0;
275;MNQ 03-26;PAAPEX4193400000001;;Short;1;25390,50;25400,25;15/12/2025 19:06:02;15/12/2025 19:07:30;;;-20,54 $;337,50 $;1,04 $;19,50 $;19,50 $;40,04 $;0;
276;NQ 03-26;Sim101;MonarcaBandCubierta;Short;1;25165,25;25177,75;16/12/2025 9:16:52;16/12/2025 9:27:37;Entry;Stop1;-254,18 $;83,32 $;4,18 $;255,00 $;330,00 $;584,18 $;0;
277;MNQ 03-26;PAAPEX4193400000001;;Long;2;25194,00;25210,50;16/12/2025 9:45:07;16/12/2025 9:49:30;;;63,92 $;147,24 $;2,08 $;66,00 $;66,00 $;2,08 $;0;
278;NQ 03-26;Sim101;Flash88-66;Long;1;25202,50;25219,00;16/12/2025 9:55:47;16/12/2025 10:12:34;Entry;Target1;325,82 $;473,06 $;4,18 $;280,00 $;335,00 $;9,18 $;0;
279;NQ 03-26;PAAPEX4193400000001;;Long;1;25226,50;25233,50;16/12/2025 11:22:50;16/12/2025 11:32:58;;;136,90 $;609,96 $;3,10 $;140,00 $;140,00 $;3,10 $;0;
280;MNQ 03-26;PAAPEX4193400000001;;Long;1;25236,75;25268,00;16/12/2025 11:37:55;16/12/2025 11:47:09;;;61,46 $;671,42 $;1,04 $;62,50 $;62,50 $;1,04 $;0;
281;NQ 03-26;Sim101;MonarcaBandCubierta;Short;1;25225,50;25250,50;16/12/2025 17:26:36;16/12/2025 17:31:58;Entry;Stop1;-504,18 $;167,24 $;4,18 $;505,00 $;255,00 $;759,18 $;0;
282;MNQ 03-26;PAAPEX4193400000001;;Short;1;25230,50;25256,50;16/12/2025 17:42:17;16/12/2025 17:42:48;;;-53,04 $;114,20 $;1,04 $;52,00 $;52,00 $;105,04 $;0;
283;MNQ 03-26;PAAPEX4193400000001;;Short;1;25230,50;25256,50;16/12/2025 17:42:17;16/12/2025 17:42:49;;;-53,04 $;61,16 $;1,04 $;52,00 $;52,00 $;105,04 $;0;
284;MNQ 03-26;PAAPEX4193400000001;;Short;1;25254,00;25275,75;16/12/2025 17:43:04;16/12/2025 17:46:09;;;-44,54 $;16,62 $;1,04 $;43,50 $;43,50 $;88,04 $;0;
285;MNQ 03-26;PAAPEX4193400000001;;Short;1;25254,50;25275,75;16/12/2025 17:44:03;16/12/2025 17:46:09;;;-43,54 $;-26,92 $;1,04 $;42,50 $;42,50 $;86,04 $;0;
286;MNQ 03-26;PAAPEX4193400000001;;Short;1;25260,75;25279,25;16/12/2025 17:47:06;16/12/2025 17:48:47;;;-38,04 $;-64,96 $;1,04 $;37,00 $;37,00 $;75,04 $;0;
287;NQ 03-26;PAAPEX4193400000001;;Short;4;25288,25;25275,50;16/12/2025 18:37:20;16/12/2025 18:38:09;;;1007,60 $;942,64 $;12,40 $;1020,00 $;1020,00 $;12,40 $;0;
288;MNQ 03-26;APEX4193400000012;;Long;1;25347,75;25333,75;16/12/2025 21:06:30;16/12/2025 21:18:07;;;-29,04 $;913,60 $;1,04 $;28,00 $;6,00 $;35,04 $;0;
289;MNQ 03-26;APEX4193400000012;;Long;1;25347,75;25344,75;16/12/2025 21:06:30;16/12/2025 21:20:29;;;-7,04 $;906,56 $;1,04 $;28,00 $;6,00 $;13,04 $;0;
290;MNQ 03-26;APEX4193400000012;;Long;1;25337,25;25369,75;16/12/2025 21:15:20;16/12/2025 21:26:41;;;63,96 $;970,52 $;1,04 $;65,00 $;65,00 $;1,04 $;0;
291;MNQ 03-26;APEX4193400000012;;Long;1;25380,25;25388,75;16/12/2025 21:30:25;16/12/2025 21:31:21;;;15,96 $;986,48 $;1,04 $;17,00 $;17,00 $;1,04 $;0;
292;NQ 03-26;APEX4193400000012;;Long;4;25321,75;25324,50;16/12/2025 22:28:09;16/12/2025 22:31:20;;;207,60 $;1194,08 $;12,40 $;220,00 $;220,00 $;12,40 $;0;
293;MNQ 03-26;APEX4193400000012;;Long;4;25323,25;25332,00;16/12/2025 22:33:00;16/12/2025 22:37:39;;;65,84 $;1259,92 $;4,16 $;70,00 $;70,00 $;4,16 $;0;
294;MNQ 03-26;APEX4193400000012;;Short;1;25395,00;25407,50;17/12/2025 9:08:41;17/12/2025 9:14:54;;;-26,04 $;1233,88 $;1,04 $;25,50 $;25,00 $;51,04 $;0;
295;MNQ 03-26;APEX4193400000012;;Short;4;25395,00;25407,75;17/12/2025 9:08:41;17/12/2025 9:14:54;;;-106,16 $;1127,72 $;4,16 $;102,00 $;100,00 $;206,16 $;0;
296;MNQ 03-26;APEX4193400000012;;Short;1;25405,50;25407,75;17/12/2025 9:15:35;17/12/2025 9:20:33;;;-5,54 $;1122,18 $;1,04 $;4,50 $;4,50 $;10,04 $;0;
297;MNQ 03-26;APEX4193400000012;;Short;1;25412,50;25398,75;17/12/2025 9:16:11;17/12/2025 9:28:44;;;26,46 $;1148,64 $;1,04 $;27,50 $;27,50 $;1,04 $;0;
298;MNQ 03-26;APEX4193400000012;;Short;1;25417,00;25399,50;17/12/2025 9:19:11;17/12/2025 9:28:45;;;33,96 $;1182,60 $;1,04 $;35,00 $;35,00 $;1,04 $;0;
299;MNQ 03-26;APEX4193400000012;;Short;1;25395,50;25415,00;17/12/2025 9:25:41;17/12/2025 9:29:20;;;-40,04 $;1142,56 $;1,04 $;39,00 $;39,00 $;79,04 $;0;
300;MNQ 03-26;APEX4193400000012;;Short;1;25305,00;25319,25;17/12/2025 15:56:27;17/12/2025 15:57:09;;;-29,54 $;1113,02 $;1,04 $;28,50 $;28,50 $;58,04 $;0;
301;MNQ 03-26;APEX4193400000012;;Short;1;25339,00;25322,50;17/12/2025 15:58:02;17/12/2025 15:59:26;;;31,96 $;1144,98 $;1,04 $;33,00 $;33,00 $;1,04 $;0;
302;MNQ 03-26;PAAPEX4193400000001;;Long;4;25337,75;25308,75;17/12/2025 16:06:12;17/12/2025 16:07:00;;;-236,16 $;908,82 $;4,16 $;232,00 $;232,00 $;468,16 $;0;
303;MNQ 03-26;PAAPEX4193400000001;;Long;4;25312,50;25300,75;17/12/2025 16:07:30;17/12/2025 16:08:56;;;-98,16 $;810,66 $;4,16 $;94,00 $;94,00 $;192,16 $;0;
304;MNQ 03-26;APEX4193400000012;;Long;1;25107,50;25087,75;17/12/2025 17:09:54;17/12/2025 17:11:05;;;-40,54 $;770,12 $;1,04 $;65,00 $;39,50 $;80,04 $;0;
305;MNQ 03-26;APEX4193400000012;;Long;1;25107,50;25075,00;17/12/2025 17:09:54;17/12/2025 17:11:37;;;-66,04 $;704,08 $;1,04 $;65,00 $;39,50 $;105,54 $;0;
306;MNQ 03-26;APEX4193400000012;;Long;1;25087,50;25075,00;17/12/2025 17:11:11;17/12/2025 17:11:37;;;-26,04 $;678,04 $;1,04 $;25,00 $;25,00 $;51,04 $;0;
307;MNQ 03-26;PAAPEX4193400000001;;Long;1;25051,75;25039,00;17/12/2025 18:20:32;17/12/2025 18:29:32;;;-26,54 $;651,50 $;1,04 $;25,50 $;25,50 $;52,04 $;0;
308;MNQ 03-26;APEX4193400000012;;Long;1;24992,75;25034,25;17/12/2025 18:16:22;17/12/2025 18:41:55;;;81,96 $;733,46 $;1,04 $;83,00 $;83,00 $;1,04 $;0;
309;MNQ 03-26;APEX4193400000012;;Long;1;25080,00;25031,50;17/12/2025 18:32:29;17/12/2025 18:42:03;;;-98,04 $;635,42 $;1,04 $;97,00 $;97,00 $;195,04 $;0;
310;MNQ 03-26;PAAPEX4193400000001;;Long;1;25040,00;25012,75;17/12/2025 18:22:10;17/12/2025 18:44:34;;;-55,54 $;579,88 $;1,04 $;54,50 $;54,50 $;110,04 $;0;
311;MNQ 03-26;APEX4193400000012;;Long;1;25027,25;25002,25;17/12/2025 18:40:00;17/12/2025 18:45:31;;;-51,04 $;528,84 $;1,04 $;50,00 $;50,00 $;101,04 $;0;
312;MNQ 03-26;PAAPEX4193400000001;;Long;1;25030,00;24997,25;17/12/2025 18:39:48;17/12/2025 18:45:36;;;-66,54 $;462,30 $;1,04 $;65,50 $;65,50 $;132,04 $;0;
313;MNQ 03-26;PAAPEX4193400000001;;Long;1;25024,25;24997,25;17/12/2025 18:41:12;17/12/2025 18:45:36;;;-55,04 $;407,26 $;1,04 $;54,00 $;54,00 $;109,04 $;0;
314;MNQ 03-26;PAAPEX4193400000001;;Long;1;25014,50;24997,25;17/12/2025 18:44:31;17/12/2025 18:45:36;;;-35,54 $;371,72 $;1,04 $;34,50 $;34,50 $;70,04 $;0;
315;MNQ 03-26;APEX4193400000012;;Long;1;25017,25;25021,50;17/12/2025 18:40:04;17/12/2025 18:50:34;;;7,46 $;379,18 $;1,04 $;8,50 $;8,50 $;1,04 $;0;
316;MNQ 03-26;APEX4193400000012;;Long;1;25010,25;25039,75;17/12/2025 18:45:00;17/12/2025 18:56:03;;;57,96 $;437,14 $;1,04 $;59,00 $;59,00 $;1,04 $;0;
317;MNQ 03-26;APEX4193400000012;;Long;1;25006,75;25061,50;17/12/2025 18:45:29;17/12/2025 19:04:32;;;108,46 $;545,60 $;1,04 $;109,50 $;109,50 $;1,04 $;0;
318;MNQ 03-26;PAAPEX4193400000001;;Long;1;25007,25;25072,00;17/12/2025 18:47:57;17/12/2025 19:06:34;;;128,46 $;674,06 $;1,04 $;129,50 $;129,50 $;1,04 $;0;
319;MNQ 03-26;APEX4193400000012;;Long;1;24993,00;25061,75;17/12/2025 18:45:59;17/12/2025 19:07:26;;;136,46 $;810,52 $;1,04 $;137,50 $;137,50 $;1,04 $;0;
320;MNQ 03-26;PAAPEX4193400000001;;Long;1;25001,50;25053,50;17/12/2025 18:48:37;17/12/2025 19:08:28;;;102,96 $;913,48 $;1,04 $;104,00 $;104,00 $;1,04 $;0;
321;MNQ 03-26;APEX4193400000012;;Long;1;25065,75;25030,00;17/12/2025 19:07:33;17/12/2025 19:11:24;;;-72,54 $;840,94 $;1,04 $;71,50 $;71,50 $;144,04 $;0;
322;MNQ 03-26;PAAPEX4193400000001;;Long;1;25054,00;25028,25;17/12/2025 19:08:40;17/12/2025 19:12:39;;;-52,54 $;788,40 $;1,04 $;51,50 $;51,50 $;104,04 $;0;
323;MNQ 03-26;APEX4193400000012;;Long;1;25055,50;25028,25;17/12/2025 19:08:36;17/12/2025 19:13:44;;;-55,54 $;732,86 $;1,04 $;54,50 $;54,50 $;110,04 $;0;
324;MNQ 03-26;PAAPEX4193400000001;;Long;1;25046,00;25016,75;17/12/2025 19:09:56;17/12/2025 19:14:26;;;-59,54 $;673,32 $;1,04 $;58,50 $;58,50 $;118,04 $;0;
325;MNQ 03-26;APEX4193400000012;;Long;1;25049,00;25004,00;17/12/2025 19:09:47;17/12/2025 19:15:39;;;-91,04 $;582,28 $;1,04 $;90,00 $;90,00 $;181,04 $;0;
326;MNQ 03-26;APEX4193400000012;;Long;1;25035,25;25004,00;17/12/2025 19:10:20;17/12/2025 19:15:39;;;-63,54 $;518,74 $;1,04 $;62,50 $;62,50 $;126,04 $;0;
327;MNQ 03-26;APEX4193400000012;;Long;1;25030,75;25004,00;17/12/2025 19:11:22;17/12/2025 19:15:39;;;-54,54 $;464,20 $;1,04 $;53,50 $;53,50 $;108,04 $;0;
328;MNQ 03-26;PAAPEX4193400000001;;Long;1;25030,25;25000,25;17/12/2025 19:12:35;17/12/2025 19:15:49;;;-61,04 $;403,16 $;1,04 $;60,00 $;60,00 $;121,04 $;0;
329;MNQ 03-26;APEX4193400000012;;Long;1;25000,75;24992,25;17/12/2025 19:16:48;17/12/2025 19:20:15;;;-18,04 $;385,12 $;1,04 $;17,00 $;17,00 $;35,04 $;0;
330;MNQ 03-26;PAAPEX4193400000001;;Long;1;25002,75;24987,50;17/12/2025 19:15:59;17/12/2025 19:39:55;;;-31,54 $;353,58 $;1,04 $;30,50 $;30,50 $;62,04 $;0;
331;MNQ 03-26;PAAPEX4193400000001;;Long;1;25009,50;24987,50;17/12/2025 19:21:12;17/12/2025 19:39:55;;;-45,04 $;308,54 $;1,04 $;44,00 $;44,00 $;89,04 $;0;
332;MNQ 03-26;PAAPEX4193400000001;;Long;1;25002,25;24987,50;17/12/2025 19:30:34;17/12/2025 19:39:55;;;-30,54 $;278,00 $;1,04 $;29,50 $;29,50 $;60,04 $;0;
333;MNQ 03-26;PAAPEX4193400000001;;Long;1;25001,50;24987,50;17/12/2025 19:32:19;17/12/2025 19:39:55;;;-29,04 $;248,96 $;1,04 $;28,00 $;28,00 $;57,04 $;0;
334;MNQ 03-26;APEX4193400000012;;Long;1;25005,25;24974,50;17/12/2025 19:20:33;17/12/2025 19:39:56;;;-62,54 $;186,42 $;1,04 $;61,50 $;61,50 $;124,04 $;0;
335;MNQ 03-26;APEX4193400000012;;Long;1;25005,50;24974,50;17/12/2025 19:21:27;17/12/2025 19:39:56;;;-63,04 $;123,38 $;1,04 $;62,00 $;62,00 $;125,04 $;0;
336;MNQ 03-26;APEX4193400000012;;Long;1;25003,25;24974,50;17/12/2025 19:30:26;17/12/2025 19:39:56;;;-58,54 $;64,84 $;1,04 $;57,50 $;57,50 $;116,04 $;0;
337;MNQ 03-26;APEX4193400000012;;Long;1;24996,25;24974,50;17/12/2025 19:31:53;17/12/2025 19:39:56;;;-44,54 $;20,30 $;1,04 $;43,50 $;43,50 $;88,04 $;0;
338;MNQ 03-26;PAAPEX4193400000001;;Long;2;25036,50;25043,75;18/12/2025 9:17:03;18/12/2025 9:24:01;;;26,92 $;47,22 $;2,08 $;29,00 $;29,00 $;2,08 $;0;
339;MNQ 03-26;APEX4193400000012;;Long;5;25035,25;25021,75;18/12/2025 9:17:23;18/12/2025 9:27:30;;;-140,20 $;-92,98 $;5,20 $;135,00 $;135,00 $;275,20 $;0;
340;MNQ 03-26;PAAPEX4193400000001;;Long;1;25037,75;25038,25;18/12/2025 9:38:29;18/12/2025 9:40:53;;;-0,04 $;-93,02 $;1,04 $;1,00 $;26,00 $;26,04 $;0;
341;MNQ 03-26;PAAPEX4193400000001;;Long;2;25037,75;25050,75;18/12/2025 9:38:29;18/12/2025 9:43:24;;;49,92 $;-43,10 $;2,08 $;2,00 $;52,00 $;2,08 $;0;
342;MNQ 03-26;PAAPEX4193400000001;;Long;1;25031,50;25050,75;18/12/2025 9:39:05;18/12/2025 9:43:24;;;37,46 $;-5,64 $;1,04 $;38,50 $;38,50 $;1,04 $;0;
343;MNQ 03-26;PAAPEX4193400000001;;Long;1;25033,50;25050,75;18/12/2025 9:39:22;18/12/2025 9:43:24;;;33,46 $;27,82 $;1,04 $;34,50 $;34,50 $;1,04 $;0;
344;MNQ 03-26;APEX4193400000012;;Long;1;25026,50;25068,00;18/12/2025 9:30:41;18/12/2025 9:52:01;;;81,96 $;109,78 $;1,04 $;83,00 $;83,00 $;1,04 $;0;
345;MNQ 03-26;Sim101;;Short;1;25055,75;25048,00;18/12/2025 9:54:36;18/12/2025 10:04:44;Entry;Stop1;14,28 $;124,06 $;1,22 $;20,50 $;46,00 $;31,72 $;0;
346;MNQ 03-26;Sim101;;Short;1;25060,25;25048,00;18/12/2025 9:58:27;18/12/2025 10:04:44;Entry;Stop1;23,28 $;147,34 $;1,22 $;11,50 $;55,00 $;31,72 $;0;
347;MNQ 03-26;Sim101;;Short;1;25058,75;25048,00;18/12/2025 9:58:30;18/12/2025 10:04:44;Entry;Stop1;20,28 $;167,62 $;1,22 $;14,50 $;52,00 $;31,72 $;0;
348;MNQ 03-26;APEX4193400000012;;Long;1;25101,00;25087,50;18/12/2025 12:16:42;18/12/2025 12:22:03;;;-28,04 $;139,58 $;1,04 $;34,50 $;27,00 $;55,04 $;0;
349;MNQ 03-26;APEX4193400000012;;Long;1;25101,00;25083,75;18/12/2025 12:16:42;18/12/2025 12:25:40;;;-35,54 $;104,04 $;1,04 $;34,50 $;27,00 $;62,54 $;0;
350;MNQ 03-26;APEX4193400000012;;Long;1;25087,75;25097,50;18/12/2025 12:21:38;18/12/2025 12:36:29;;;18,46 $;122,50 $;1,04 $;19,50 $;19,50 $;1,04 $;0;
351;MNQ 03-26;APEX4193400000012;;Long;1;25098,50;25088,75;18/12/2025 12:50:22;18/12/2025 12:51:33;;;-20,54 $;101,96 $;1,04 $;19,50 $;19,50 $;40,04 $;0;
352;MNQ 03-26;APEX4193400000012;;Short;2;25183,75;25209,00;18/12/2025 15:40:21;18/12/2025 15:40:33;;;-103,08 $;-1,12 $;2,08 $;101,00 $;101,00 $;204,08 $;0;
353;MNQ 03-26;APEX4193400000012;;Short;1;25200,00;25198,75;18/12/2025 15:41:08;18/12/2025 15:42:46;;;1,46 $;0,34 $;1,04 $;2,50 $;2,50 $;1,04 $;0;
354;MNQ 03-26;APEX4193400000012;;Short;1;25207,50;25206,00;18/12/2025 15:45:42;18/12/2025 15:46:45;;;1,96 $;2,30 $;1,04 $;3,00 $;3,00 $;1,04 $;0;
355;MNQ 03-26;Simpadre;Flash88-66;Short;1;25189,50;25173,00;18/12/2025 15:50:53;18/12/2025 15:51:06;Entry;Target1;31,78 $;34,08 $;1,22 $;8,00 $;33,50 $;1,72 $;0;
356;MNQ 03-26;APEX4193400000012;;Long;1;25290,00;25267,50;18/12/2025 16:02:37;18/12/2025 16:03:19;;;-46,04 $;-11,96 $;1,04 $;45,00 $;45,00 $;91,04 $;0;
357;MNQ 03-26;APEX4193400000012;;Long;1;25271,75;25246,00;18/12/2025 16:04:48;18/12/2025 16:08:36;;;-52,54 $;-64,50 $;1,04 $;51,50 $;51,50 $;104,04 $;0;
358;MNQ 03-26;Simpadre;prueba;Short;2;25189,75;25187,25;18/12/2025 16:20:21;18/12/2025 16:20:37;Entry;Stop3;7,56 $;-56,94 $;2,44 $;100,00 $;53,00 $;45,44 $;0;
359;MNQ 03-26;Simpadre;prueba;Short;1;25189,75;25214,75;18/12/2025 16:20:21;18/12/2025 16:21:52;Entry;Stop1;-51,22 $;-108,16 $;1,22 $;50,00 $;26,50 $;77,72 $;0;
360;MNQ 03-26;Simpadre;prueba;Short;1;25189,75;25214,75;18/12/2025 16:20:21;18/12/2025 16:21:52;Entry;Stop2;-51,22 $;-159,38 $;1,22 $;50,00 $;26,50 $;77,72 $;0;
361;MNQ 03-26;Simpadre;prueba;Short;1;25189,75;25214,75;18/12/2025 16:20:21;18/12/2025 16:21:52;Entry;Stop4;-51,22 $;-210,60 $;1,22 $;50,00 $;26,50 $;77,72 $;0;
362;MNQ 03-26;Simpadre;prueba;Short;1;25189,50;25214,75;18/12/2025 16:20:21;18/12/2025 16:21:52;Entry;Stop4;-51,72 $;-262,32 $;1,22 $;50,50 $;26,00 $;77,72 $;0;
363;MNQ 03-26;SimReFlash;prueba;Short;1;25373,25;25398,25;18/12/2025 17:32:44;18/12/2025 17:36:48;Entry;Stop1;-51,22 $;-313,54 $;1,22 $;50,00 $;7,50 $;58,72 $;0;
364;MNQ 03-26;SimReFlash;prueba;Short;1;25373,25;25398,25;18/12/2025 17:32:44;18/12/2025 17:36:48;Entry;Stop2;-51,22 $;-364,76 $;1,22 $;50,00 $;7,50 $;58,72 $;0;
365;MNQ 03-26;SimReFlash;prueba;Short;2;25373,25;25398,25;18/12/2025 17:32:44;18/12/2025 17:36:48;Entry;Stop3;-102,44 $;-467,20 $;2,44 $;100,00 $;15,00 $;117,44 $;0;
366;MNQ 03-26;SimReFlash;prueba;Short;2;25373,25;25398,25;18/12/2025 17:32:44;18/12/2025 17:36:48;Entry;Stop4;-102,44 $;-569,64 $;2,44 $;100,00 $;15,00 $;117,44 $;0;
367;MNQ 03-26;SimReFlash;prueba;Short;2;25393,00;25390,50;18/12/2025 17:38:02;18/12/2025 17:57:13;Entry;Stop3;7,56 $;-562,08 $;2,44 $;71,00 $;150,00 $;142,44 $;0;
368;MNQ 03-26;APEX4193400000012;;Short;1;25392,00;25371,50;18/12/2025 17:37:55;18/12/2025 18:01:24;;;39,96 $;-522,12 $;1,04 $;41,00 $;41,00 $;1,04 $;0;
369;MNQ 03-26;APEX4193400000012;;Short;1;25399,75;25371,50;18/12/2025 17:38:32;18/12/2025 18:01:25;;;55,46 $;-466,66 $;1,04 $;56,50 $;56,50 $;1,04 $;0;
370;MNQ 03-26;SimReFlash;prueba;Short;2;25393,00;25368,75;18/12/2025 17:38:02;18/12/2025 18:01:53;Entry;Stop4;94,56 $;-372,10 $;2,44 $;71,00 $;150,00 $;55,44 $;0;
371;MNQ 03-26;SimReFlash;prueba;Short;1;25393,00;25355,50;18/12/2025 17:38:02;18/12/2025 18:04:17;Entry;Target1;73,78 $;-298,32 $;1,22 $;35,50 $;75,00 $;1,22 $;0;
372;MNQ 03-26;SimReFlash;prueba;Short;1;25393,00;25355,50;18/12/2025 17:38:02;18/12/2025 18:04:17;Entry;Target2;73,78 $;-224,54 $;1,22 $;35,50 $;75,00 $;1,22 $;0;
373;MNQ 03-26;APEX4193400000012;;Short;1;25400,25;25338,00;18/12/2025 17:39:08;18/12/2025 18:05:36;;;123,46 $;-101,08 $;1,04 $;124,50 $;124,50 $;1,04 $;0;
374;MNQ 03-26;APEX4193400000012;;Short;1;25372,25;25336,25;18/12/2025 18:01:01;18/12/2025 18:05:38;;;70,96 $;-30,12 $;1,04 $;72,00 $;72,00 $;1,04 $;0;
375;MNQ 03-26;APEX4193400000012;;Short;1;25337,25;25335,00;18/12/2025 18:05:22;18/12/2025 18:05:49;;;3,46 $;-26,66 $;1,04 $;4,50 $;4,50 $;1,04 $;0;
376;MNQ 03-26;APEX4193400000012;;Short;1;25320,25;25298,75;18/12/2025 18:06:23;18/12/2025 18:07:42;;;41,96 $;15,30 $;1,04 $;43,00 $;43,00 $;1,04 $;0;
377;MNQ 03-26;PAAPEX4193400000001;;Long;1;25308,00;25314,25;18/12/2025 21:29:55;18/12/2025 21:34:29;;;11,46 $;26,76 $;1,04 $;11,00 $;24,50 $;13,04 $;0;
378;MNQ 03-26;PAAPEX4193400000001;;Long;1;25308,00;25320,25;18/12/2025 21:29:55;18/12/2025 21:34:53;;;23,46 $;50,22 $;1,04 $;11,00 $;24,50 $;1,04 $;0;
379;MNQ 03-26;PAAPEX4193400000001;;Long;1;25308,00;25313,50;18/12/2025 21:29:55;18/12/2025 21:35:31;;;9,96 $;60,18 $;1,04 $;11,00 $;24,50 $;14,54 $;0;
380;MNQ 03-26;PAAPEX4193400000001;;Long;5;25312,75;25315,75;18/12/2025 21:36:10;18/12/2025 21:36:40;;;24,80 $;84,98 $;5,20 $;30,00 $;30,00 $;5,20 $;0;
381;MNQ 03-26;APEX4193400000012;;Long;1;25302,50;25311,50;18/12/2025 21:29:12;18/12/2025 21:38:24;;;16,96 $;101,94 $;1,04 $;18,00 $;18,00 $;1,04 $;0;
382;MNQ 03-26;Sim101;;Short;1;25368,25;25368,00;19/12/2025 8:17:26;19/12/2025 8:17:28;;Cerrar;-0,72 $;101,22 $;1,22 $;0,00 $;2,00 $;2,72 $;0;
383;MNQ 03-26;Sim101;;Short;3;25368,25;25368,25;19/12/2025 8:17:26;19/12/2025 8:17:28;;Cerrar;-3,66 $;97,56 $;3,66 $;0,00 $;6,00 $;9,66 $;0;
384;MNQ 03-26;Sim101;;Short;2;25368,00;25368,25;19/12/2025 8:17:26;19/12/2025 8:17:28;;Cerrar;-3,44 $;94,12 $;2,44 $;1,00 $;3,00 $;6,44 $;0;
385;MNQ 03-26;PAAPEX4193400000001;;Short;1;25360,75;25349,50;19/12/2025 8:13:57;19/12/2025 8:21:38;;;21,46 $;115,58 $;1,04 $;13,00 $;22,50 $;1,04 $;0;
386;MNQ 03-26;PAAPEX4193400000001;;Short;1;25360,75;25351,00;19/12/2025 8:13:57;19/12/2025 8:21:41;;;18,46 $;134,04 $;1,04 $;13,00 $;22,50 $;4,04 $;0;
387;MNQ 03-26;PAAPEX4193400000001;;Short;1;25360,75;25350,75;19/12/2025 8:13:57;19/12/2025 8:23:35;;;18,96 $;153,00 $;1,04 $;13,00 $;22,50 $;3,54 $;0;
388;MNQ 03-26;PAAPEX4193400000001;;Short;1;25360,75;25350,75;19/12/2025 8:13:57;19/12/2025 8:23:36;;;18,96 $;171,96 $;1,04 $;13,00 $;22,50 $;3,54 $;0;
389;MNQ 03-26;PAAPEX4193400000001;;Short;2;25360,75;25354,25;19/12/2025 8:13:57;19/12/2025 8:25:46;;;23,92 $;195,88 $;2,08 $;26,00 $;45,00 $;21,08 $;0;
390;MNQ 03-26;PAAPEX4193400000001;;Short;1;25349,25;25354,25;19/12/2025 8:21:35;19/12/2025 8:25:46;;;-11,04 $;184,84 $;1,04 $;10,00 $;10,00 $;21,04 $;0;
391;MNQ 03-26;Sim101;;Short;1;25353,75;25345,50;19/12/2025 8:26:16;19/12/2025 8:37:18;Entry;Stop3;15,28 $;200,12 $;1,22 $;7,00 $;64,50 $;49,22 $;0;
392;MNQ 03-26;Sim101;;Short;1;25353,75;25345,75;19/12/2025 8:26:16;19/12/2025 8:37:18;Entry;Stop3;14,78 $;214,90 $;1,22 $;7,00 $;64,50 $;49,72 $;0;
393;MNQ 03-26;Sim101;;Short;1;25353,75;25326,00;19/12/2025 8:26:16;19/12/2025 8:48:23;Entry;Stop2;54,28 $;269,18 $;1,22 $;7,00 $;64,50 $;10,22 $;0;
394;MNQ 03-26;Sim101;;Short;1;25353,50;25326,00;19/12/2025 8:26:16;19/12/2025 8:48:23;Entry;Stop2;53,78 $;322,96 $;1,22 $;7,50 $;64,00 $;10,22 $;0;
395;MNQ 03-26;Sim101;;Short;2;25353,50;25348,25;19/12/2025 8:26:16;19/12/2025 8:59:53;Entry;Stop1;18,56 $;341,52 $;2,44 $;15,00 $;128,00 $;109,44 $;0;
396;MNQ 03-26;SimReFlash;;Long;2;25368,75;25381,50;19/12/2025 9:02:25;19/12/2025 9:47:35;Entry;SimStop3;48,56 $;390,08 $;2,44 $;103,00 $;99,00 $;50,44 $;0;
397;MNQ 03-26;SimReFlash;;Long;1;25368,75;25343,50;19/12/2025 9:02:25;19/12/2025 12:06:16;Entry;Stop1;-51,72 $;338,36 $;1,22 $;51,50 $;49,50 $;101,22 $;0;
398;MNQ 03-26;SimReFlash;;Long;1;25369,00;25343,50;19/12/2025 9:02:25;19/12/2025 12:06:16;Entry;Stop1;-52,22 $;286,14 $;1,22 $;52,00 $;49,00 $;101,22 $;0;
399;MNQ 03-26;SimReFlash;;Long;2;25369,00;25343,50;19/12/2025 9:02:25;19/12/2025 12:06:16;Entry;Stop2;-104,44 $;181,70 $;2,44 $;104,00 $;98,00 $;202,44 $;0;
400;MNQ 03-26;APEX4193400000012;;Short;2;25374,00;25349,00;19/12/2025 15:23:48;19/12/2025 15:25:21;;;97,92 $;279,62 $;2,08 $;100,00 $;100,00 $;2,08 $;0;
401;MNQ 03-26;PAAPEX4193400000001;;Long;1;25367,00;25383,50;19/12/2025 15:30:20;19/12/2025 15:30:27;;;31,96 $;311,58 $;1,04 $;33,00 $;33,00 $;1,04 $;0;
402;MNQ 03-26;APEX4193400000012;;Long;1;25435,25;25447,00;19/12/2025 15:38:36;19/12/2025 15:38:56;;;22,46 $;334,04 $;1,04 $;14,50 $;49,00 $;26,54 $;0;
403;MNQ 03-26;APEX4193400000012;;Long;1;25435,25;25459,75;19/12/2025 15:38:36;19/12/2025 15:39:11;;;47,96 $;382,00 $;1,04 $;14,50 $;49,00 $;1,04 $;0;
404;MNQ 03-26;APEX4193400000012;;Long;1;25435,25;25442,50;19/12/2025 15:38:36;19/12/2025 15:40:45;;;13,46 $;395,46 $;1,04 $;14,50 $;49,00 $;35,54 $;0;
405;MNQ 03-26;SimBot;prueba;Long;1;25441,50;25479,00;19/12/2025 15:41:32;19/12/2025 15:43:04;Entry;Target1;73,78 $;469,24 $;1,22 $;2,50 $;86,00 $;12,22 $;0;
406;MNQ 03-26;APEX4193400000012;;Short;1;25570,75;25556,25;19/12/2025 16:01:25;19/12/2025 16:03:56;;;27,96 $;497,20 $;1,04 $;29,00 $;53,00 $;25,04 $;0;
407;MNQ 03-26;APEX4193400000012;;Short;1;25570,75;25545,75;19/12/2025 16:01:25;19/12/2025 16:07:38;;;48,96 $;546,16 $;1,04 $;29,00 $;53,00 $;4,04 $;0;
408;MNQ 03-26;APEX4193400000012;;Short;1;25570,75;25544,25;19/12/2025 16:01:25;19/12/2025 16:07:40;;;51,96 $;598,12 $;1,04 $;29,00 $;53,00 $;1,04 $;0;
409;MNQ 03-26;APEX4193400000012;;Short;1;25548,75;25541,25;19/12/2025 16:07:29;19/12/2025 16:07:43;;;13,96 $;612,08 $;1,04 $;15,00 $;15,00 $;1,04 $;0;
410;MNQ 03-26;SimBot;;Short;1;25552,75;25537,25;19/12/2025 16:10:09;19/12/2025 16:12:06;Entry;Stop4;29,78 $;641,86 $;1,22 $;14,50 $;65,50 $;35,72 $;0;
411;MNQ 03-26;SimBot;;Short;1;25552,75;25537,50;19/12/2025 16:10:09;19/12/2025 16:12:07;Entry;SimStop3;29,28 $;671,14 $;1,22 $;14,50 $;65,50 $;36,22 $;0;
412;MNQ 03-26;SimBot;;Short;1;25552,75;25523,25;19/12/2025 16:10:09;19/12/2025 16:15:22;Entry;Stop2;57,78 $;728,92 $;1,22 $;14,50 $;65,50 $;7,72 $;0;
413;MNQ 03-26;SimBot;;Short;1;25552,75;25547,25;19/12/2025 16:10:09;19/12/2025 16:16:15;Entry;Stop1;9,78 $;738,70 $;1,22 $;14,50 $;65,50 $;55,72 $;0;
414;MNQ 03-26;APEX4193400000012;;Long;1;25550,00;25558,50;19/12/2025 17:32:50;19/12/2025 17:37:15;;;15,96 $;754,66 $;1,04 $;26,50 $;17,00 $;1,04 $;0;
415;MNQ 03-26;APEX4193400000012;;Long;1;25550,00;25536,75;19/12/2025 17:32:50;19/12/2025 17:44:32;;;-27,54 $;727,12 $;1,04 $;26,50 $;17,00 $;44,54 $;0;
416;MNQ 03-26;APEX4193400000012;;Long;1;25550,00;25536,75;19/12/2025 17:32:50;19/12/2025 17:44:32;;;-27,54 $;699,58 $;1,04 $;26,50 $;17,00 $;44,54 $;0;
417;MNQ 03-26;APEX4193400000012;;Long;1;25550,00;25537,50;19/12/2025 17:32:50;19/12/2025 17:44:34;;;-26,04 $;673,54 $;1,04 $;26,50 $;17,00 $;43,04 $;0;
418;MNQ 03-26;APEX4193400000012;;Long;4;25555,25;25558,50;19/12/2025 19:43:46;19/12/2025 19:51:25;;;21,84 $;695,38 $;4,16 $;26,00 $;26,00 $;4,16 $;0;
419;MNQ 03-26;APEX4193400000012;;Long;4;25547,25;25558,50;19/12/2025 19:47:36;19/12/2025 19:51:25;;;85,84 $;781,22 $;4,16 $;90,00 $;90,00 $;4,16 $;0;
